anno_label,parametro,provincia,comune,giorni_presenti,giorni_attesi,completezza_pct
2021,PM10,LC,Abbadia Lariana,365,365,100.0
2021,PM10,BG,Adrara San Martino,365,365,100.0
2021,PM10,BG,Adrara San Rocco,365,365,100.0
2021,PM10,MB,Agrate Brianza,365,365,100.0
2021,PM10,MB,Aicurzio,365,365,100.0
2021,PM10,LC,Airuno,365,365,100.0
2021,PM10,BG,Albano Sant'Alessandro,365,365,100.0
2021,PM10,SO,Albaredo Per San Marco,365,365,100.0
2021,PM10,MB,Albiate,365,365,100.0
2021,PM10,BG,Albino,365,365,100.0
2021,PM10,SO,Albosaggia,365,365,100.0
2021,PM10,BG,Algua,365,365,100.0
2021,PM10,BG,Almenno San Bartolomeo,365,365,100.0
2021,PM10,BG,Almenno San Salvatore,365,365,100.0
2021,PM10,BG,Almè,365,365,100.0
2021,PM10,BG,Alzano Lombardo,365,365,100.0
2021,PM10,BG,Ambivere,365,365,100.0
2021,PM10,SO,Andalo Valtellino,365,365,100.0
2021,PM10,BS,Angolo Terme,365,365,100.0
2021,PM10,LC,Annone Di Brianza,365,365,100.0
2021,PM10,BG,Antegnate,365,365,100.0
2021,PM10,SO,Aprica,365,365,100.0
2021,PM10,BG,Arcene,365,365,100.0
2021,PM10,MB,Arcore,365,365,100.0
2021,PM10,SO,Ardenno,365,365,100.0
2021,PM10,BG,Ardesio,365,365,100.0
2021,PM10,BS,Artogne,365,365,100.0
2021,PM10,BG,Arzago D'Adda,365,365,100.0
2021,PM10,BG,Averara,365,365,100.0
2021,PM10,BG,Aviatico,365,365,100.0
2021,PM10,BG,Azzano San Paolo,365,365,100.0
2021,PM10,BG,Azzone,365,365,100.0
2021,PM10,BG,Bagnatica,365,365,100.0
2021,PM10,LC,Ballabio,365,365,100.0
2021,PM10,BG,Barbata,365,365,100.0
2021,PM10,BG,Bariano,365,365,100.0
2021,PM10,MB,Barlassina,365,365,100.0
2021,PM10,LC,Barzago,365,365,100.0
2021,PM10,BG,Barzana,365,365,100.0
2021,PM10,LC,Barzanò,365,365,100.0
2021,PM10,LC,Barzio,365,365,100.0
2021,PM10,BG,Bedulita,365,365,100.0
2021,PM10,LC,Bellano,365,365,100.0
2021,PM10,MB,Bellusco,365,365,100.0
2021,PM10,SO,Bema,365,365,100.0
2021,PM10,BG,Berbenno,365,365,100.0
2021,PM10,SO,Berbenno Di Valtellina,365,365,100.0
2021,PM10,BG,Bergamo,365,365,100.0
2021,PM10,MB,Bernareggio,365,365,100.0
2021,PM10,BS,Berzo Demo,365,365,100.0
2021,PM10,BS,Berzo Inferiore,365,365,100.0
2021,PM10,BG,Berzo San Fermo,365,365,100.0
2021,PM10,MB,Besana In Brianza,365,365,100.0
2021,PM10,BG,Bianzano,365,365,100.0
2021,PM10,SO,Bianzone,365,365,100.0
2021,PM10,MB,Biassono,365,365,100.0
2021,PM10,BS,Bienno,365,365,100.0
2021,PM10,BG,Blello,365,365,100.0
2021,PM10,BG,Bolgare,365,365,100.0
2021,PM10,BG,Boltiere,365,365,100.0
2021,PM10,BG,Bonate Sopra,365,365,100.0
2021,PM10,BG,Bonate Sotto,365,365,100.0
2021,PM10,BG,Borgo Di Terzo,365,365,100.0
2021,PM10,SO,Bormio,365,365,100.0
2021,PM10,BS,Borno,365,365,100.0
2021,PM10,LC,Bosisio Parini,365,365,100.0
2021,PM10,BG,Bossico,365,365,100.0
2021,PM10,BG,Bottanuco,365,365,100.0
2021,PM10,MB,Bovisio-Masciago,365,365,100.0
2021,PM10,BG,Bracca,365,365,100.0
2021,PM10,BG,Branzi,365,365,100.0
2021,PM10,BS,Braone,365,365,100.0
2021,PM10,BG,Brembate,365,365,100.0
2021,PM10,BG,Brembate Di Sopra,365,365,100.0
2021,PM10,BS,Breno,365,365,100.0
2021,PM10,BG,Brignano Gera D'Adda,365,365,100.0
2021,PM10,MB,Briosco,365,365,100.0
2021,PM10,LC,Brivio,365,365,100.0
2021,PM10,MB,Brugherio,365,365,100.0
2021,PM10,BG,Brumano,365,365,100.0
2021,PM10,BG,Brusaporto,365,365,100.0
2021,PM10,SO,Buglio In Monte,365,365,100.0
2021,PM10,LC,Bulciago,365,365,100.0
2021,PM10,MB,Burago Di Molgora,365,365,100.0
2021,PM10,MB,Busnago,365,365,100.0
2021,PM10,SO,Caiolo,365,365,100.0
2021,PM10,BG,Calcinate,365,365,100.0
2021,PM10,BG,Calcio,365,365,100.0
2021,PM10,LC,Calco,365,365,100.0
2021,PM10,LC,Calolziocorte,365,365,100.0
2021,PM10,BG,Calusco D'Adda,365,365,100.0
2021,PM10,BG,Calvenzano,365,365,100.0
2021,PM10,BG,Camerata Cornello,365,365,100.0
2021,PM10,MB,Camparada,365,365,100.0
2021,PM10,SO,Campodolcino,365,365,100.0
2021,PM10,BG,Canonica D'Adda,365,365,100.0
2021,PM10,BG,Capizzone,365,365,100.0
2021,PM10,BS,Capo Di Ponte,365,365,100.0
2021,PM10,MB,Caponago,365,365,100.0
2021,PM10,BG,Capriate San Gervasio,365,365,100.0
2021,PM10,BG,Caprino Bergamasco,365,365,100.0
2021,PM10,MB,Carate Brianza,365,365,100.0
2021,PM10,BG,Caravaggio,365,365,100.0
2021,PM10,LC,Carenno,365,365,100.0
2021,PM10,MB,Carnate,365,365,100.0
2021,PM10,BG,Carobbio Degli Angeli,365,365,100.0
2021,PM10,BG,Carona,365,365,100.0
2021,PM10,BG,Carvico,365,365,100.0
2021,PM10,LC,Casargo,365,365,100.0
2021,PM10,LC,Casatenovo,365,365,100.0
2021,PM10,BG,Casazza,365,365,100.0
2021,PM10,BG,Casirate D'Adda,365,365,100.0
2021,PM10,BG,Casnigo,365,365,100.0
2021,PM10,SO,Caspoggio,365,365,100.0
2021,PM10,LC,Cassago Brianza,365,365,100.0
2021,PM10,BG,Cassiglio,365,365,100.0
2021,PM10,LC,Cassina Valsassina,365,365,100.0
2021,PM10,BG,Castel Rozzone,365,365,100.0
2021,PM10,BG,Castelli Calepio,365,365,100.0
2021,PM10,SO,Castello Dell'Acqua,365,365,100.0
2021,PM10,LC,Castello Di Brianza,365,365,100.0
2021,PM10,SO,Castione Andevenno,365,365,100.0
2021,PM10,BG,Castione Della Presolana,365,365,100.0
2021,PM10,BG,Castro,365,365,100.0
2021,PM10,MB,Cavenago Di Brianza,365,365,100.0
2021,PM10,BG,Cavernago,365,365,100.0
2021,PM10,BG,Cazzano Sant'Andrea,365,365,100.0
2021,PM10,BS,Cedegolo,365,365,100.0
2021,PM10,SO,Cedrasco,365,365,100.0
2021,PM10,BG,Cenate Sopra,365,365,100.0
2021,PM10,BG,Cenate Sotto,365,365,100.0
2021,PM10,BG,Cene,365,365,100.0
2021,PM10,SO,Cercino,365,365,100.0
2021,PM10,BG,Cerete,365,365,100.0
2021,PM10,MB,Ceriano Laghetto,365,365,100.0
2021,PM10,LC,Cernusco Lombardone,365,365,100.0
2021,PM10,BS,Cerveno,365,365,100.0
2021,PM10,LC,Cesana Brianza,365,365,100.0
2021,PM10,MB,Cesano Maderno,365,365,100.0
2021,PM10,BS,Ceto,365,365,100.0
2021,PM10,BS,Cevo,365,365,100.0
2021,PM10,SO,Chiavenna,365,365,100.0
2021,PM10,SO,Chiesa In Valmalenco,365,365,100.0
2021,PM10,BG,Chignolo D'Isola,365,365,100.0
2021,PM10,BG,Chiuduno,365,365,100.0
2021,PM10,SO,Chiuro,365,365,100.0
2021,PM10,BS,Cimbergo,365,365,100.0
2021,PM10,SO,Cino,365,365,100.0
2021,PM10,BG,Cisano Bergamasco,365,365,100.0
2021,PM10,BG,Ciserano,365,365,100.0
2021,PM10,LC,Civate,365,365,100.0
2021,PM10,BG,Cividate Al Piano,365,365,100.0
2021,PM10,BS,Cividate Camuno,365,365,100.0
2021,PM10,SO,Civo,365,365,100.0
2021,PM10,BG,Clusone,365,365,100.0
2021,PM10,MB,Cogliate,365,365,100.0
2021,PM10,BG,Colere,365,365,100.0
2021,PM10,LC,Colico,365,365,100.0
2021,PM10,LC,Colle Brianza,365,365,100.0
2021,PM10,BG,Cologno Al Serio,365,365,100.0
2021,PM10,SO,Colorina,365,365,100.0
2021,PM10,BG,Colzate,365,365,100.0
2021,PM10,BG,Comun Nuovo,365,365,100.0
2021,PM10,MB,Concorezzo,365,365,100.0
2021,PM10,BG,Corna Imagna,365,365,100.0
2021,PM10,BG,Cornalba,365,365,100.0
2021,PM10,MB,Cornate D'Adda,365,365,100.0
2021,PM10,MB,Correzzana,365,365,100.0
2021,PM10,BS,Corteno Golgi,365,365,100.0
2021,PM10,LC,Cortenova,365,365,100.0
2021,PM10,BG,Cortenuova,365,365,100.0
2021,PM10,SO,Cosio Valtellino,365,365,100.0
2021,PM10,BG,Costa Di Mezzate,365,365,100.0
2021,PM10,LC,Costa Masnaga,365,365,100.0
2021,PM10,BG,Costa Serina,365,365,100.0
2021,PM10,BG,Costa Valle Imagna,365,365,100.0
2021,PM10,BG,Costa Volpino,365,365,100.0
2021,PM10,BG,Covo,365,365,100.0
2021,PM10,LC,Crandola Valsassina,365,365,100.0
2021,PM10,BG,Credaro,365,365,100.0
2021,PM10,LC,Cremella,365,365,100.0
2021,PM10,LC,Cremeno,365,365,100.0
2021,PM10,CO,Cremia,365,365,100.0
2021,PM10,BG,Curno,365,365,100.0
2021,PM10,BG,Cusio,365,365,100.0
2021,PM10,BG,Dalmine,365,365,100.0
2021,PM10,BS,Darfo Boario Terme,365,365,100.0
2021,PM10,SO,Dazio,365,365,100.0
2021,PM10,SO,Delebio,365,365,100.0
2021,PM10,LC,Dervio,365,365,100.0
2021,PM10,MB,Desio,365,365,100.0
2021,PM10,LC,Dolzago,365,365,100.0
2021,PM10,CO,Domaso,365,365,100.0
2021,PM10,CO,Dongo,365,365,100.0
2021,PM10,LC,Dorio,365,365,100.0
2021,PM10,BG,Dossena,365,365,100.0
2021,PM10,CO,Dosso Del Liro,365,365,100.0
2021,PM10,SO,Dubino,365,365,100.0
2021,PM10,BS,Edolo,365,365,100.0
2021,PM10,LC,Ello,365,365,100.0
2021,PM10,BG,Endine Gaiano,365,365,100.0
2021,PM10,BG,Entratico,365,365,100.0
2021,PM10,LC,Erve,365,365,100.0
2021,PM10,BS,Esine,365,365,100.0
2021,PM10,LC,Esino Lario,365,365,100.0
2021,PM10,SO,Faedo Valtellino,365,365,100.0
2021,PM10,BG,Fara Gera D'Adda,365,365,100.0
2021,PM10,BG,Fara Olivana Con Sola,365,365,100.0
2021,PM10,BG,Filago,365,365,100.0
2021,PM10,BG,Fino Del Monte,365,365,100.0
2021,PM10,BG,Fiorano Al Serio,365,365,100.0
2021,PM10,BG,Fontanella,365,365,100.0
2021,PM10,BG,Fonteno,365,365,100.0
2021,PM10,BG,Foppolo,365,365,100.0
2021,PM10,SO,Forcola,365,365,100.0
2021,PM10,BG,Foresto Sparso,365,365,100.0
2021,PM10,BG,Fornovo San Giovanni,365,365,100.0
2021,PM10,BG,Fuipiano Valle Imagna,365,365,100.0
2021,PM10,SO,Fusine,365,365,100.0
2021,PM10,LC,Galbiate,365,365,100.0
2021,PM10,BG,Gandellino,365,365,100.0
2021,PM10,BG,Gandino,365,365,100.0
2021,PM10,BG,Gandosso,365,365,100.0
2021,PM10,LC,Garbagnate Monastero,365,365,100.0
2021,PM10,LC,Garlate,365,365,100.0
2021,PM10,CO,Garzeno,365,365,100.0
2021,PM10,BG,Gaverina Terme,365,365,100.0
2021,PM10,BG,Gazzaniga,365,365,100.0
2021,PM10,CO,Gera Lario,365,365,100.0
2021,PM10,SO,Gerola Alta,365,365,100.0
2021,PM10,BG,Ghisalba,365,365,100.0
2021,PM10,BS,Gianico,365,365,100.0
2021,PM10,MB,Giussano,365,365,100.0
2021,PM10,SO,Gordona,365,365,100.0
2021,PM10,BG,Gorlago,365,365,100.0
2021,PM10,BG,Gorle,365,365,100.0
2021,PM10,BG,Gorno,365,365,100.0
2021,PM10,BG,Grassobbio,365,365,100.0
2021,PM10,CO,Gravedona Ed Uniti,365,365,100.0
2021,PM10,BG,Gromo,365,365,100.0
2021,PM10,BG,Grone,365,365,100.0
2021,PM10,SO,Grosio,365,365,100.0
2021,PM10,SO,Grosotto,365,365,100.0
2021,PM10,BG,Grumello Del Monte,365,365,100.0
2021,PM10,LC,Imbersago,365,365,100.0
2021,PM10,BS,Incudine,365,365,100.0
2021,PM10,LC,Introbio,365,365,100.0
2021,PM10,BG,Isola Di Fondra,365,365,100.0
2021,PM10,BG,Isso,365,365,100.0
2021,PM10,LC,La Valletta Brianza,365,365,100.0
2021,PM10,BG,Lallio,365,365,100.0
2021,PM10,SO,Lanzada,365,365,100.0
2021,PM10,MB,Lazzate,365,365,100.0
2021,PM10,LC,Lecco,365,365,100.0
2021,PM10,BG,Leffe,365,365,100.0
2021,PM10,BG,Lenna,365,365,100.0
2021,PM10,MB,Lentate Sul Seveso,365,365,100.0
2021,PM10,MB,Lesmo,365,365,100.0
2021,PM10,BG,Levate,365,365,100.0
2021,PM10,LC,Lierna,365,365,100.0
2021,PM10,MB,Limbiate,365,365,100.0
2021,PM10,MB,Lissone,365,365,100.0
2021,PM10,SO,Livigno,365,365,100.0
2021,PM10,CO,Livo,365,365,100.0
2021,PM10,BG,Locatello,365,365,100.0
2021,PM10,LC,Lomagna,365,365,100.0
2021,PM10,BS,Losine,365,365,100.0
2021,PM10,BG,Lovere,365,365,100.0
2021,PM10,SO,Lovero,365,365,100.0
2021,PM10,BS,Lozio,365,365,100.0
2021,PM10,BG,Lurano,365,365,100.0
2021,PM10,BG,Luzzana,365,365,100.0
2021,PM10,MB,Macherio,365,365,100.0
2021,PM10,SO,Madesimo,365,365,100.0
2021,PM10,BG,Madone,365,365,100.0
2021,PM10,BS,Malegno,365,365,100.0
2021,PM10,LC,Malgrate,365,365,100.0
2021,PM10,BS,Malonno,365,365,100.0
2021,PM10,LC,Mandello Del Lario,365,365,100.0
2021,PM10,SO,Mantello,365,365,100.0
2021,PM10,BG,Mapello,365,365,100.0
2021,PM10,LC,Margno,365,365,100.0
2021,PM10,BG,Martinengo,365,365,100.0
2021,PM10,SO,Mazzo Di Valtellina,365,365,100.0
2021,PM10,MB,Meda,365,365,100.0
2021,PM10,BG,Medolago,365,365,100.0
2021,PM10,SO,Mello,365,365,100.0
2021,PM10,LC,Merate,365,365,100.0
2021,PM10,SO,Mese,365,365,100.0
2021,PM10,MB,Mezzago,365,365,100.0
2021,PM10,BG,Mezzoldo,365,365,100.0
2021,PM10,BG,Misano Di Gera D'Adda,365,365,100.0
2021,PM10,MB,Misinto,365,365,100.0
2021,PM10,LC,Missaglia,365,365,100.0
2021,PM10,LC,Moggio,365,365,100.0
2021,PM10,BG,Moio De' Calvi,365,365,100.0
2021,PM10,LC,Molteno,365,365,100.0
2021,PM10,BG,Monasterolo Del Castello,365,365,100.0
2021,PM10,BS,Monno,365,365,100.0
2021,PM10,SO,Montagna In Valtellina,365,365,100.0
2021,PM10,LC,Monte Marenzo,365,365,100.0
2021,PM10,BG,Montello,365,365,100.0
2021,PM10,CO,Montemezzo,365,365,100.0
2021,PM10,LC,Montevecchia,365,365,100.0
2021,PM10,LC,Monticello Brianza,365,365,100.0
2021,PM10,MB,Monza,365,365,100.0
2021,PM10,SO,Morbegno,365,365,100.0
2021,PM10,BG,Morengo,365,365,100.0
2021,PM10,BG,Mornico Al Serio,365,365,100.0
2021,PM10,LC,Morterone,365,365,100.0
2021,PM10,BG,Mozzanica,365,365,100.0
2021,PM10,BG,Mozzo,365,365,100.0
2021,PM10,MB,Muggiò,365,365,100.0
2021,PM10,CO,Musso,365,365,100.0
2021,PM10,BG,Nembro,365,365,100.0
2021,PM10,BS,Niardo,365,365,100.0
2021,PM10,LC,Nibionno,365,365,100.0
2021,PM10,MB,Nova Milanese,365,365,100.0
2021,PM10,SO,Novate Mezzola,365,365,100.0
2021,PM10,LC,Oggiono,365,365,100.0
2021,PM10,LC,Olgiate Molgora,365,365,100.0
2021,PM10,LC,Olginate,365,365,100.0
2021,PM10,LC,Oliveto Lario,365,365,100.0
2021,PM10,BG,Olmo Al Brembo,365,365,100.0
2021,PM10,BG,Oltre Il Colle,365,365,100.0
2021,PM10,BG,Oltressenda Alta,365,365,100.0
2021,PM10,BG,Oneta,365,365,100.0
2021,PM10,BS,Ono San Pietro,365,365,100.0
2021,PM10,BG,Onore,365,365,100.0
2021,PM10,BG,Orio Al Serio,365,365,100.0
2021,PM10,MB,Ornago,365,365,100.0
2021,PM10,BG,Ornica,365,365,100.0
2021,PM10,BG,Osio Sopra,365,365,100.0
2021,PM10,BG,Osio Sotto,365,365,100.0
2021,PM10,LC,Osnago,365,365,100.0
2021,PM10,BS,Ossimo,365,365,100.0
2021,PM10,LC,Paderno D'Adda,365,365,100.0
2021,PM10,BG,Pagazzano,365,365,100.0
2021,PM10,LC,Pagnona,365,365,100.0
2021,PM10,BS,Paisco Loveno,365,365,100.0
2021,PM10,BG,Paladina,365,365,100.0
2021,PM10,BG,Palazzago,365,365,100.0
2021,PM10,BG,Palosco,365,365,100.0
2021,PM10,LC,Parlasco,365,365,100.0
2021,PM10,BG,Parre,365,365,100.0
2021,PM10,BG,Parzanica,365,365,100.0
2021,PM10,BS,Paspardo,365,365,100.0
2021,PM10,LC,Pasturo,365,365,100.0
2021,PM10,SO,Pedesina,365,365,100.0
2021,PM10,BG,Pedrengo,365,365,100.0
2021,PM10,CO,Peglio,365,365,100.0
2021,PM10,BG,Peia,365,365,100.0
2021,PM10,LC,Perledo,365,365,100.0
2021,PM10,LC,Pescate,365,365,100.0
2021,PM10,BS,Pian Camuno,365,365,100.0
2021,PM10,BS,Piancogno,365,365,100.0
2021,PM10,CO,Pianello Del Lario,365,365,100.0
2021,PM10,BG,Pianico,365,365,100.0
2021,PM10,SO,Piantedo,365,365,100.0
2021,PM10,BG,Piario,365,365,100.0
2021,PM10,SO,Piateda,365,365,100.0
2021,PM10,BG,Piazza Brembana,365,365,100.0
2021,PM10,BG,Piazzatorre,365,365,100.0
2021,PM10,BG,Piazzolo,365,365,100.0
2021,PM10,BS,Pisogne,365,365,100.0
2021,PM10,SO,Piuro,365,365,100.0
2021,PM10,SO,Poggiridenti,365,365,100.0
2021,PM10,BG,Pognano,365,365,100.0
2021,PM10,BS,Ponte Di Legno,365,365,100.0
2021,PM10,SO,Ponte In Valtellina,365,365,100.0
2021,PM10,BG,Ponte Nossa,365,365,100.0
2021,PM10,BG,Ponte San Pietro,365,365,100.0
2021,PM10,BG,Ponteranica,365,365,100.0
2021,PM10,BG,Pontida,365,365,100.0
2021,PM10,BG,Pontirolo Nuovo,365,365,100.0
2021,PM10,SO,Postalesio,365,365,100.0
2021,PM10,BG,Pradalunga,365,365,100.0
2021,PM10,SO,Prata Camportaccio,365,365,100.0
2021,PM10,BG,Predore,365,365,100.0
2021,PM10,LC,Premana,365,365,100.0
2021,PM10,BG,Premolo,365,365,100.0
2021,PM10,BG,Presezzo,365,365,100.0
2021,PM10,LC,Primaluna,365,365,100.0
2021,PM10,BG,Pumenengo,365,365,100.0
2021,PM10,BG,Ranica,365,365,100.0
2021,PM10,BG,Ranzanico,365,365,100.0
2021,PM10,SO,Rasura,365,365,100.0
2021,PM10,MB,Renate,365,365,100.0
2021,PM10,BG,Riva Di Solto,365,365,100.0
2021,PM10,LC,Robbiate,365,365,100.0
2021,PM10,LC,Rogeno,365,365,100.0
2021,PM10,BG,Rogno,365,365,100.0
2021,PM10,SO,Rogolo,365,365,100.0
2021,PM10,BG,Romano Di Lombardia,365,365,100.0
2021,PM10,MB,Roncello,365,365,100.0
2021,PM10,MB,Ronco Briantino,365,365,100.0
2021,PM10,BG,Roncobello,365,365,100.0
2021,PM10,BG,Roncola,365,365,100.0
2021,PM10,BG,Rota D'Imagna,365,365,100.0
2021,PM10,BG,Rovetta,365,365,100.0
2021,PM10,SO,Samolaco,365,365,100.0
2021,PM10,SO,San Giacomo Filippo,365,365,100.0
2021,PM10,BG,San Giovanni Bianco,365,365,100.0
2021,PM10,BG,San Paolo D'Argon,365,365,100.0
2021,PM10,BG,San Pellegrino Terme,365,365,100.0
2021,PM10,BG,Sant'Omobono Terme,365,365,100.0
2021,PM10,BG,Santa Brigida,365,365,100.0
2021,PM10,LC,Santa Maria Hoè,365,365,100.0
2021,PM10,BG,Sarnico,365,365,100.0
2021,PM10,BS,Saviore Dell'Adamello,365,365,100.0
2021,PM10,BG,Scanzorosciate,365,365,100.0
2021,PM10,BG,Schilpario,365,365,100.0
2021,PM10,BG,Sedrina,365,365,100.0
2021,PM10,BS,Sellero,365,365,100.0
2021,PM10,BG,Selvino,365,365,100.0
2021,PM10,MB,Seregno,365,365,100.0
2021,PM10,BG,Seriate,365,365,100.0
2021,PM10,BG,Serina,365,365,100.0
2021,PM10,SO,Sernio,365,365,100.0
2021,PM10,MB,Seveso,365,365,100.0
2021,PM10,LC,Sirone,365,365,100.0
2021,PM10,LC,Sirtori,365,365,100.0
2021,PM10,BG,Solto Collina,365,365,100.0
2021,PM10,BG,Solza,365,365,100.0
2021,PM10,SO,Sondalo,365,365,100.0
2021,PM10,SO,Sondrio,365,365,100.0
2021,PM10,BG,Songavazzo,365,365,100.0
2021,PM10,BS,Sonico,365,365,100.0
2021,PM10,CO,Sorico,365,365,100.0
2021,PM10,BG,Sorisole,365,365,100.0
2021,PM10,BG,Sotto Il Monte Giovanni Xxiii,365,365,100.0
2021,PM10,BG,Sovere,365,365,100.0
2021,PM10,MB,Sovico,365,365,100.0
2021,PM10,BG,Spinone Al Lago,365,365,100.0
2021,PM10,BG,Spirano,365,365,100.0
2021,PM10,SO,Spriana,365,365,100.0
2021,PM10,CO,Stazzona,365,365,100.0
2021,PM10,BG,Stezzano,365,365,100.0
2021,PM10,BG,Strozza,365,365,100.0
2021,PM10,LC,Sueglio,365,365,100.0
2021,PM10,LC,Suello,365,365,100.0
2021,PM10,BG,Suisio,365,365,100.0
2021,PM10,MB,Sulbiate,365,365,100.0
2021,PM10,LC,Taceno,365,365,100.0
2021,PM10,SO,Talamona,365,365,100.0
2021,PM10,BG,Taleggio,365,365,100.0
2021,PM10,SO,Tartano,365,365,100.0
2021,PM10,BG,Tavernola Bergamasca,365,365,100.0
2021,PM10,SO,Teglio,365,365,100.0
2021,PM10,BG,Telgate,365,365,100.0
2021,PM10,BS,Temù,365,365,100.0
2021,PM10,BG,Terno D'Isola,365,365,100.0
2021,PM10,SO,Tirano,365,365,100.0
2021,PM10,BG,Torre Boldone,365,365,100.0
2021,PM10,BG,Torre De' Roveri,365,365,100.0
2021,PM10,SO,Torre Di Santa Maria,365,365,100.0
2021,PM10,BG,Torre Pallavicina,365,365,100.0
2021,PM10,SO,Tovo Di Sant'Agata,365,365,100.0
2021,PM10,SO,Traona,365,365,100.0
2021,PM10,BG,Trescore Balneario,365,365,100.0
2021,PM10,SO,Tresivio,365,365,100.0
2021,PM10,BG,Treviglio,365,365,100.0
2021,PM10,BG,Treviolo,365,365,100.0
2021,PM10,CO,Trezzone,365,365,100.0
2021,PM10,MB,Triuggio,365,365,100.0
2021,PM10,BG,Ubiale Clanezzo,365,365,100.0
2021,PM10,BG,Urgnano,365,365,100.0
2021,PM10,MB,Usmate Velate,365,365,100.0
2021,PM10,BG,Val Brembilla,365,365,100.0
2021,PM10,SO,Val Masino,365,365,100.0
2021,PM10,BG,Valbondione,365,365,100.0
2021,PM10,BG,Valbrembo,365,365,100.0
2021,PM10,SO,Valdidentro,365,365,100.0
2021,PM10,SO,Valdisotto,365,365,100.0
2021,PM10,SO,Valfurva,365,365,100.0
2021,PM10,BG,Valgoglio,365,365,100.0
2021,PM10,LC,Valgreghentino,365,365,100.0
2021,PM10,BG,Valleve,365,365,100.0
2021,PM10,LC,Valmadrera,365,365,100.0
2021,PM10,BG,Valnegra,365,365,100.0
2021,PM10,BG,Valtorta,365,365,100.0
2021,PM10,MB,Varedo,365,365,100.0
2021,PM10,LC,Varenna,365,365,100.0
2021,PM10,MB,Vedano Al Lambro,365,365,100.0
2021,PM10,BG,Vedeseta,365,365,100.0
2021,PM10,MB,Veduggio Con Colzano,365,365,100.0
2021,PM10,MB,Verano Brianza,365,365,100.0
2021,PM10,CO,Vercana,365,365,100.0
2021,PM10,SO,Verceia,365,365,100.0
2021,PM10,LC,Vercurago,365,365,100.0
2021,PM10,BG,Verdellino,365,365,100.0
2021,PM10,BG,Verdello,365,365,100.0
2021,PM10,LC,Verderio,365,365,100.0
2021,PM10,BG,Vertova,365,365,100.0
2021,PM10,SO,Vervio,365,365,100.0
2021,PM10,BS,Vezza D'Oglio,365,365,100.0
2021,PM10,BG,Viadanica,365,365,100.0
2021,PM10,BG,Vigano San Martino,365,365,100.0
2021,PM10,LC,Viganò,365,365,100.0
2021,PM10,BG,Vigolo,365,365,100.0
2021,PM10,BG,Villa D'Adda,365,365,100.0
2021,PM10,BG,Villa D'Almè,365,365,100.0
2021,PM10,BG,Villa D'Ogna,365,365,100.0
2021,PM10,SO,Villa Di Chiavenna,365,365,100.0
2021,PM10,BG,Villa Di Serio,365,365,100.0
2021,PM10,SO,Villa Di Tirano,365,365,100.0
2021,PM10,MB,Villasanta,365,365,100.0
2021,PM10,BG,Villongo,365,365,100.0
2021,PM10,BG,Vilminore Di Scalve,365,365,100.0
2021,PM10,MB,Vimercate,365,365,100.0
2021,PM10,BS,Vione,365,365,100.0
2021,PM10,BG,Zandobbio,365,365,100.0
2021,PM10,BG,Zanica,365,365,100.0
2021,PM10,BG,Zogno,365,365,100.0
2021,Particelle sospese PM2.5,LC,Abbadia Lariana,365,365,100.0
2021,Particelle sospese PM2.5,BG,Adrara San Martino,365,365,100.0
2021,Particelle sospese PM2.5,BG,Adrara San Rocco,365,365,100.0
2021,Particelle sospese PM2.5,MB,Agrate Brianza,365,365,100.0
2021,Particelle sospese PM2.5,MB,Aicurzio,365,365,100.0
2021,Particelle sospese PM2.5,LC,Airuno,365,365,100.0
2021,Particelle sospese PM2.5,BG,Albano Sant'Alessandro,365,365,100.0
2021,Particelle sospese PM2.5,SO,Albaredo Per San Marco,365,365,100.0
2021,Particelle sospese PM2.5,MB,Albiate,365,365,100.0
2021,Particelle sospese PM2.5,BG,Albino,365,365,100.0
2021,Particelle sospese PM2.5,SO,Albosaggia,365,365,100.0
2021,Particelle sospese PM2.5,BG,Algua,365,365,100.0
2021,Particelle sospese PM2.5,BG,Almenno San Bartolomeo,365,365,100.0
2021,Particelle sospese PM2.5,BG,Almenno San Salvatore,365,365,100.0
2021,Particelle sospese PM2.5,BG,Almè,365,365,100.0
2021,Particelle sospese PM2.5,BG,Alzano Lombardo,365,365,100.0
2021,Particelle sospese PM2.5,BG,Ambivere,365,365,100.0
2021,Particelle sospese PM2.5,SO,Andalo Valtellino,365,365,100.0
2021,Particelle sospese PM2.5,BS,Angolo Terme,365,365,100.0
2021,Particelle sospese PM2.5,LC,Annone Di Brianza,365,365,100.0
2021,Particelle sospese PM2.5,BG,Antegnate,365,365,100.0
2021,Particelle sospese PM2.5,SO,Aprica,365,365,100.0
2021,Particelle sospese PM2.5,BG,Arcene,365,365,100.0
2021,Particelle sospese PM2.5,MB,Arcore,365,365,100.0
2021,Particelle sospese PM2.5,SO,Ardenno,365,365,100.0
2021,Particelle sospese PM2.5,BG,Ardesio,365,365,100.0
2021,Particelle sospese PM2.5,BS,Artogne,365,365,100.0
2021,Particelle sospese PM2.5,BG,Arzago D'Adda,365,365,100.0
2021,Particelle sospese PM2.5,BG,Averara,365,365,100.0
2021,Particelle sospese PM2.5,BG,Aviatico,365,365,100.0
2021,Particelle sospese PM2.5,BG,Azzano San Paolo,365,365,100.0
2021,Particelle sospese PM2.5,BG,Azzone,365,365,100.0
2021,Particelle sospese PM2.5,BG,Bagnatica,365,365,100.0
2021,Particelle sospese PM2.5,LC,Ballabio,365,365,100.0
2021,Particelle sospese PM2.5,BG,Barbata,365,365,100.0
2021,Particelle sospese PM2.5,BG,Bariano,365,365,100.0
2021,Particelle sospese PM2.5,MB,Barlassina,365,365,100.0
2021,Particelle sospese PM2.5,LC,Barzago,365,365,100.0
2021,Particelle sospese PM2.5,BG,Barzana,365,365,100.0
2021,Particelle sospese PM2.5,LC,Barzanò,365,365,100.0
2021,Particelle sospese PM2.5,LC,Barzio,365,365,100.0
2021,Particelle sospese PM2.5,BG,Bedulita,365,365,100.0
2021,Particelle sospese PM2.5,LC,Bellano,365,365,100.0
2021,Particelle sospese PM2.5,MB,Bellusco,365,365,100.0
2021,Particelle sospese PM2.5,SO,Bema,365,365,100.0
2021,Particelle sospese PM2.5,BG,Berbenno,365,365,100.0
2021,Particelle sospese PM2.5,SO,Berbenno Di Valtellina,365,365,100.0
2021,Particelle sospese PM2.5,BG,Bergamo,365,365,100.0
2021,Particelle sospese PM2.5,MB,Bernareggio,365,365,100.0
2021,Particelle sospese PM2.5,BS,Berzo Demo,365,365,100.0
2021,Particelle sospese PM2.5,BS,Berzo Inferiore,365,365,100.0
2021,Particelle sospese PM2.5,BG,Berzo San Fermo,365,365,100.0
2021,Particelle sospese PM2.5,MB,Besana In Brianza,365,365,100.0
2021,Particelle sospese PM2.5,BG,Bianzano,365,365,100.0
2021,Particelle sospese PM2.5,SO,Bianzone,365,365,100.0
2021,Particelle sospese PM2.5,MB,Biassono,365,365,100.0
2021,Particelle sospese PM2.5,BS,Bienno,365,365,100.0
2021,Particelle sospese PM2.5,BG,Blello,365,365,100.0
2021,Particelle sospese PM2.5,BG,Bolgare,365,365,100.0
2021,Particelle sospese PM2.5,BG,Boltiere,365,365,100.0
2021,Particelle sospese PM2.5,BG,Bonate Sopra,365,365,100.0
2021,Particelle sospese PM2.5,BG,Bonate Sotto,365,365,100.0
2021,Particelle sospese PM2.5,BG,Borgo Di Terzo,365,365,100.0
2021,Particelle sospese PM2.5,SO,Bormio,365,365,100.0
2021,Particelle sospese PM2.5,BS,Borno,365,365,100.0
2021,Particelle sospese PM2.5,LC,Bosisio Parini,365,365,100.0
2021,Particelle sospese PM2.5,BG,Bossico,365,365,100.0
2021,Particelle sospese PM2.5,BG,Bottanuco,365,365,100.0
2021,Particelle sospese PM2.5,MB,Bovisio-Masciago,365,365,100.0
2021,Particelle sospese PM2.5,BG,Bracca,365,365,100.0
2021,Particelle sospese PM2.5,BG,Branzi,365,365,100.0
2021,Particelle sospese PM2.5,BS,Braone,365,365,100.0
2021,Particelle sospese PM2.5,BG,Brembate,365,365,100.0
2021,Particelle sospese PM2.5,BG,Brembate Di Sopra,365,365,100.0
2021,Particelle sospese PM2.5,BS,Breno,365,365,100.0
2021,Particelle sospese PM2.5,BG,Brignano Gera D'Adda,365,365,100.0
2021,Particelle sospese PM2.5,MB,Briosco,365,365,100.0
2021,Particelle sospese PM2.5,LC,Brivio,365,365,100.0
2021,Particelle sospese PM2.5,MB,Brugherio,365,365,100.0
2021,Particelle sospese PM2.5,BG,Brumano,365,365,100.0
2021,Particelle sospese PM2.5,BG,Brusaporto,365,365,100.0
2021,Particelle sospese PM2.5,SO,Buglio In Monte,365,365,100.0
2021,Particelle sospese PM2.5,LC,Bulciago,365,365,100.0
2021,Particelle sospese PM2.5,MB,Burago Di Molgora,365,365,100.0
2021,Particelle sospese PM2.5,MB,Busnago,365,365,100.0
2021,Particelle sospese PM2.5,SO,Caiolo,365,365,100.0
2021,Particelle sospese PM2.5,BG,Calcinate,365,365,100.0
2021,Particelle sospese PM2.5,BG,Calcio,365,365,100.0
2021,Particelle sospese PM2.5,LC,Calco,365,365,100.0
2021,Particelle sospese PM2.5,LC,Calolziocorte,365,365,100.0
2021,Particelle sospese PM2.5,BG,Calusco D'Adda,365,365,100.0
2021,Particelle sospese PM2.5,BG,Calvenzano,365,365,100.0
2021,Particelle sospese PM2.5,BG,Camerata Cornello,365,365,100.0
2021,Particelle sospese PM2.5,MB,Camparada,365,365,100.0
2021,Particelle sospese PM2.5,SO,Campodolcino,365,365,100.0
2021,Particelle sospese PM2.5,BG,Canonica D'Adda,365,365,100.0
2021,Particelle sospese PM2.5,BG,Capizzone,365,365,100.0
2021,Particelle sospese PM2.5,BS,Capo Di Ponte,365,365,100.0
2021,Particelle sospese PM2.5,MB,Caponago,365,365,100.0
2021,Particelle sospese PM2.5,BG,Capriate San Gervasio,365,365,100.0
2021,Particelle sospese PM2.5,BG,Caprino Bergamasco,365,365,100.0
2021,Particelle sospese PM2.5,MB,Carate Brianza,365,365,100.0
2021,Particelle sospese PM2.5,BG,Caravaggio,365,365,100.0
2021,Particelle sospese PM2.5,LC,Carenno,365,365,100.0
2021,Particelle sospese PM2.5,MB,Carnate,365,365,100.0
2021,Particelle sospese PM2.5,BG,Carobbio Degli Angeli,365,365,100.0
2021,Particelle sospese PM2.5,BG,Carona,365,365,100.0
2021,Particelle sospese PM2.5,BG,Carvico,365,365,100.0
2021,Particelle sospese PM2.5,LC,Casargo,365,365,100.0
2021,Particelle sospese PM2.5,LC,Casatenovo,365,365,100.0
2021,Particelle sospese PM2.5,BG,Casazza,365,365,100.0
2021,Particelle sospese PM2.5,BG,Casirate D'Adda,365,365,100.0
2021,Particelle sospese PM2.5,BG,Casnigo,365,365,100.0
2021,Particelle sospese PM2.5,SO,Caspoggio,365,365,100.0
2021,Particelle sospese PM2.5,LC,Cassago Brianza,343,365,94.0
2021,Particelle sospese PM2.5,BG,Cassiglio,365,365,100.0
2021,Particelle sospese PM2.5,LC,Cassina Valsassina,360,365,98.6
2021,Particelle sospese PM2.5,BG,Castel Rozzone,365,365,100.0
2021,Particelle sospese PM2.5,BG,Castelli Calepio,365,365,100.0
2021,Particelle sospese PM2.5,SO,Castello Dell'Acqua,365,365,100.0
2021,Particelle sospese PM2.5,LC,Castello Di Brianza,365,365,100.0
2021,Particelle sospese PM2.5,SO,Castione Andevenno,365,365,100.0
2021,Particelle sospese PM2.5,BG,Castione Della Presolana,365,365,100.0
2021,Particelle sospese PM2.5,BG,Castro,365,365,100.0
2021,Particelle sospese PM2.5,MB,Cavenago Di Brianza,365,365,100.0
2021,Particelle sospese PM2.5,BG,Cavernago,365,365,100.0
2021,Particelle sospese PM2.5,BG,Cazzano Sant'Andrea,365,365,100.0
2021,Particelle sospese PM2.5,BS,Cedegolo,365,365,100.0
2021,Particelle sospese PM2.5,SO,Cedrasco,365,365,100.0
2021,Particelle sospese PM2.5,BG,Cenate Sopra,365,365,100.0
2021,Particelle sospese PM2.5,BG,Cenate Sotto,365,365,100.0
2021,Particelle sospese PM2.5,BG,Cene,365,365,100.0
2021,Particelle sospese PM2.5,SO,Cercino,365,365,100.0
2021,Particelle sospese PM2.5,BG,Cerete,365,365,100.0
2021,Particelle sospese PM2.5,MB,Ceriano Laghetto,365,365,100.0
2021,Particelle sospese PM2.5,LC,Cernusco Lombardone,365,365,100.0
2021,Particelle sospese PM2.5,BS,Cerveno,365,365,100.0
2021,Particelle sospese PM2.5,LC,Cesana Brianza,354,365,97.0
2021,Particelle sospese PM2.5,MB,Cesano Maderno,365,365,100.0
2021,Particelle sospese PM2.5,BS,Ceto,365,365,100.0
2021,Particelle sospese PM2.5,BS,Cevo,365,365,100.0
2021,Particelle sospese PM2.5,SO,Chiavenna,365,365,100.0
2021,Particelle sospese PM2.5,SO,Chiesa In Valmalenco,365,365,100.0
2021,Particelle sospese PM2.5,BG,Chignolo D'Isola,365,365,100.0
2021,Particelle sospese PM2.5,BG,Chiuduno,365,365,100.0
2021,Particelle sospese PM2.5,SO,Chiuro,365,365,100.0
2021,Particelle sospese PM2.5,BS,Cimbergo,365,365,100.0
2021,Particelle sospese PM2.5,SO,Cino,365,365,100.0
2021,Particelle sospese PM2.5,BG,Cisano Bergamasco,365,365,100.0
2021,Particelle sospese PM2.5,BG,Ciserano,365,365,100.0
2021,Particelle sospese PM2.5,LC,Civate,365,365,100.0
2021,Particelle sospese PM2.5,BG,Cividate Al Piano,365,365,100.0
2021,Particelle sospese PM2.5,BS,Cividate Camuno,365,365,100.0
2021,Particelle sospese PM2.5,SO,Civo,365,365,100.0
2021,Particelle sospese PM2.5,BG,Clusone,365,365,100.0
2021,Particelle sospese PM2.5,MB,Cogliate,365,365,100.0
2021,Particelle sospese PM2.5,BG,Colere,365,365,100.0
2021,Particelle sospese PM2.5,LC,Colico,365,365,100.0
2021,Particelle sospese PM2.5,LC,Colle Brianza,365,365,100.0
2021,Particelle sospese PM2.5,BG,Cologno Al Serio,365,365,100.0
2021,Particelle sospese PM2.5,SO,Colorina,365,365,100.0
2021,Particelle sospese PM2.5,BG,Colzate,365,365,100.0
2021,Particelle sospese PM2.5,BG,Comun Nuovo,365,365,100.0
2021,Particelle sospese PM2.5,MB,Concorezzo,365,365,100.0
2021,Particelle sospese PM2.5,BG,Corna Imagna,365,365,100.0
2021,Particelle sospese PM2.5,BG,Cornalba,365,365,100.0
2021,Particelle sospese PM2.5,MB,Cornate D'Adda,365,365,100.0
2021,Particelle sospese PM2.5,MB,Correzzana,365,365,100.0
2021,Particelle sospese PM2.5,BS,Corteno Golgi,365,365,100.0
2021,Particelle sospese PM2.5,LC,Cortenova,365,365,100.0
2021,Particelle sospese PM2.5,BG,Cortenuova,365,365,100.0
2021,Particelle sospese PM2.5,SO,Cosio Valtellino,365,365,100.0
2021,Particelle sospese PM2.5,BG,Costa Di Mezzate,365,365,100.0
2021,Particelle sospese PM2.5,LC,Costa Masnaga,365,365,100.0
2021,Particelle sospese PM2.5,BG,Costa Serina,365,365,100.0
2021,Particelle sospese PM2.5,BG,Costa Valle Imagna,365,365,100.0
2021,Particelle sospese PM2.5,BG,Costa Volpino,365,365,100.0
2021,Particelle sospese PM2.5,BG,Covo,365,365,100.0
2021,Particelle sospese PM2.5,LC,Crandola Valsassina,365,365,100.0
2021,Particelle sospese PM2.5,BG,Credaro,365,365,100.0
2021,Particelle sospese PM2.5,LC,Cremella,365,365,100.0
2021,Particelle sospese PM2.5,LC,Cremeno,365,365,100.0
2021,Particelle sospese PM2.5,CO,Cremia,365,365,100.0
2021,Particelle sospese PM2.5,BG,Curno,365,365,100.0
2021,Particelle sospese PM2.5,BG,Cusio,365,365,100.0
2021,Particelle sospese PM2.5,BG,Dalmine,365,365,100.0
2021,Particelle sospese PM2.5,BS,Darfo Boario Terme,365,365,100.0
2021,Particelle sospese PM2.5,SO,Dazio,365,365,100.0
2021,Particelle sospese PM2.5,SO,Delebio,365,365,100.0
2021,Particelle sospese PM2.5,LC,Dervio,365,365,100.0
2021,Particelle sospese PM2.5,MB,Desio,365,365,100.0
2021,Particelle sospese PM2.5,LC,Dolzago,365,365,100.0
2021,Particelle sospese PM2.5,CO,Domaso,365,365,100.0
2021,Particelle sospese PM2.5,CO,Dongo,365,365,100.0
2021,Particelle sospese PM2.5,LC,Dorio,365,365,100.0
2021,Particelle sospese PM2.5,BG,Dossena,365,365,100.0
2021,Particelle sospese PM2.5,CO,Dosso Del Liro,365,365,100.0
2021,Particelle sospese PM2.5,SO,Dubino,365,365,100.0
2021,Particelle sospese PM2.5,BS,Edolo,365,365,100.0
2021,Particelle sospese PM2.5,LC,Ello,365,365,100.0
2021,Particelle sospese PM2.5,BG,Endine Gaiano,365,365,100.0
2021,Particelle sospese PM2.5,BG,Entratico,365,365,100.0
2021,Particelle sospese PM2.5,LC,Erve,365,365,100.0
2021,Particelle sospese PM2.5,BS,Esine,365,365,100.0
2021,Particelle sospese PM2.5,LC,Esino Lario,365,365,100.0
2021,Particelle sospese PM2.5,SO,Faedo Valtellino,365,365,100.0
2021,Particelle sospese PM2.5,BG,Fara Gera D'Adda,365,365,100.0
2021,Particelle sospese PM2.5,BG,Fara Olivana Con Sola,365,365,100.0
2021,Particelle sospese PM2.5,BG,Filago,365,365,100.0
2021,Particelle sospese PM2.5,BG,Fino Del Monte,365,365,100.0
2021,Particelle sospese PM2.5,BG,Fiorano Al Serio,365,365,100.0
2021,Particelle sospese PM2.5,BG,Fontanella,365,365,100.0
2021,Particelle sospese PM2.5,BG,Fonteno,365,365,100.0
2021,Particelle sospese PM2.5,BG,Foppolo,365,365,100.0
2021,Particelle sospese PM2.5,SO,Forcola,365,365,100.0
2021,Particelle sospese PM2.5,BG,Foresto Sparso,365,365,100.0
2021,Particelle sospese PM2.5,BG,Fornovo San Giovanni,365,365,100.0
2021,Particelle sospese PM2.5,BG,Fuipiano Valle Imagna,365,365,100.0
2021,Particelle sospese PM2.5,SO,Fusine,365,365,100.0
2021,Particelle sospese PM2.5,LC,Galbiate,365,365,100.0
2021,Particelle sospese PM2.5,BG,Gandellino,365,365,100.0
2021,Particelle sospese PM2.5,BG,Gandino,365,365,100.0
2021,Particelle sospese PM2.5,BG,Gandosso,365,365,100.0
2021,Particelle sospese PM2.5,LC,Garbagnate Monastero,365,365,100.0
2021,Particelle sospese PM2.5,LC,Garlate,365,365,100.0
2021,Particelle sospese PM2.5,CO,Garzeno,365,365,100.0
2021,Particelle sospese PM2.5,BG,Gaverina Terme,365,365,100.0
2021,Particelle sospese PM2.5,BG,Gazzaniga,365,365,100.0
2021,Particelle sospese PM2.5,CO,Gera Lario,365,365,100.0
2021,Particelle sospese PM2.5,SO,Gerola Alta,365,365,100.0
2021,Particelle sospese PM2.5,BG,Ghisalba,365,365,100.0
2021,Particelle sospese PM2.5,BS,Gianico,365,365,100.0
2021,Particelle sospese PM2.5,MB,Giussano,365,365,100.0
2021,Particelle sospese PM2.5,SO,Gordona,365,365,100.0
2021,Particelle sospese PM2.5,BG,Gorlago,365,365,100.0
2021,Particelle sospese PM2.5,BG,Gorle,365,365,100.0
2021,Particelle sospese PM2.5,BG,Gorno,365,365,100.0
2021,Particelle sospese PM2.5,BG,Grassobbio,365,365,100.0
2021,Particelle sospese PM2.5,CO,Gravedona Ed Uniti,365,365,100.0
2021,Particelle sospese PM2.5,BG,Gromo,365,365,100.0
2021,Particelle sospese PM2.5,BG,Grone,365,365,100.0
2021,Particelle sospese PM2.5,SO,Grosio,365,365,100.0
2021,Particelle sospese PM2.5,SO,Grosotto,365,365,100.0
2021,Particelle sospese PM2.5,BG,Grumello Del Monte,365,365,100.0
2021,Particelle sospese PM2.5,LC,Imbersago,365,365,100.0
2021,Particelle sospese PM2.5,BS,Incudine,365,365,100.0
2021,Particelle sospese PM2.5,LC,Introbio,365,365,100.0
2021,Particelle sospese PM2.5,BG,Isola Di Fondra,365,365,100.0
2021,Particelle sospese PM2.5,BG,Isso,365,365,100.0
2021,Particelle sospese PM2.5,LC,La Valletta Brianza,365,365,100.0
2021,Particelle sospese PM2.5,BG,Lallio,365,365,100.0
2021,Particelle sospese PM2.5,SO,Lanzada,365,365,100.0
2021,Particelle sospese PM2.5,MB,Lazzate,365,365,100.0
2021,Particelle sospese PM2.5,LC,Lecco,365,365,100.0
2021,Particelle sospese PM2.5,BG,Leffe,365,365,100.0
2021,Particelle sospese PM2.5,BG,Lenna,365,365,100.0
2021,Particelle sospese PM2.5,MB,Lentate Sul Seveso,365,365,100.0
2021,Particelle sospese PM2.5,MB,Lesmo,365,365,100.0
2021,Particelle sospese PM2.5,BG,Levate,365,365,100.0
2021,Particelle sospese PM2.5,LC,Lierna,365,365,100.0
2021,Particelle sospese PM2.5,MB,Limbiate,365,365,100.0
2021,Particelle sospese PM2.5,MB,Lissone,365,365,100.0
2021,Particelle sospese PM2.5,SO,Livigno,365,365,100.0
2021,Particelle sospese PM2.5,CO,Livo,365,365,100.0
2021,Particelle sospese PM2.5,BG,Locatello,365,365,100.0
2021,Particelle sospese PM2.5,LC,Lomagna,365,365,100.0
2021,Particelle sospese PM2.5,BS,Losine,365,365,100.0
2021,Particelle sospese PM2.5,BG,Lovere,365,365,100.0
2021,Particelle sospese PM2.5,SO,Lovero,365,365,100.0
2021,Particelle sospese PM2.5,BS,Lozio,365,365,100.0
2021,Particelle sospese PM2.5,BG,Lurano,365,365,100.0
2021,Particelle sospese PM2.5,BG,Luzzana,365,365,100.0
2021,Particelle sospese PM2.5,MB,Macherio,365,365,100.0
2021,Particelle sospese PM2.5,SO,Madesimo,365,365,100.0
2021,Particelle sospese PM2.5,BG,Madone,365,365,100.0
2021,Particelle sospese PM2.5,BS,Malegno,365,365,100.0
2021,Particelle sospese PM2.5,LC,Malgrate,365,365,100.0
2021,Particelle sospese PM2.5,BS,Malonno,365,365,100.0
2021,Particelle sospese PM2.5,LC,Mandello Del Lario,365,365,100.0
2021,Particelle sospese PM2.5,SO,Mantello,365,365,100.0
2021,Particelle sospese PM2.5,BG,Mapello,365,365,100.0
2021,Particelle sospese PM2.5,LC,Margno,365,365,100.0
2021,Particelle sospese PM2.5,BG,Martinengo,365,365,100.0
2021,Particelle sospese PM2.5,SO,Mazzo Di Valtellina,365,365,100.0
2021,Particelle sospese PM2.5,MB,Meda,365,365,100.0
2021,Particelle sospese PM2.5,BG,Medolago,365,365,100.0
2021,Particelle sospese PM2.5,SO,Mello,365,365,100.0
2021,Particelle sospese PM2.5,LC,Merate,365,365,100.0
2021,Particelle sospese PM2.5,SO,Mese,365,365,100.0
2021,Particelle sospese PM2.5,MB,Mezzago,365,365,100.0
2021,Particelle sospese PM2.5,BG,Mezzoldo,365,365,100.0
2021,Particelle sospese PM2.5,BG,Misano Di Gera D'Adda,365,365,100.0
2021,Particelle sospese PM2.5,MB,Misinto,365,365,100.0
2021,Particelle sospese PM2.5,LC,Missaglia,365,365,100.0
2021,Particelle sospese PM2.5,LC,Moggio,365,365,100.0
2021,Particelle sospese PM2.5,BG,Moio De' Calvi,365,365,100.0
2021,Particelle sospese PM2.5,LC,Molteno,365,365,100.0
2021,Particelle sospese PM2.5,BG,Monasterolo Del Castello,365,365,100.0
2021,Particelle sospese PM2.5,BS,Monno,365,365,100.0
2021,Particelle sospese PM2.5,SO,Montagna In Valtellina,365,365,100.0
2021,Particelle sospese PM2.5,LC,Monte Marenzo,365,365,100.0
2021,Particelle sospese PM2.5,BG,Montello,365,365,100.0
2021,Particelle sospese PM2.5,CO,Montemezzo,365,365,100.0
2021,Particelle sospese PM2.5,LC,Montevecchia,365,365,100.0
2021,Particelle sospese PM2.5,LC,Monticello Brianza,365,365,100.0
2021,Particelle sospese PM2.5,MB,Monza,365,365,100.0
2021,Particelle sospese PM2.5,SO,Morbegno,365,365,100.0
2021,Particelle sospese PM2.5,BG,Morengo,365,365,100.0
2021,Particelle sospese PM2.5,BG,Mornico Al Serio,365,365,100.0
2021,Particelle sospese PM2.5,LC,Morterone,365,365,100.0
2021,Particelle sospese PM2.5,BG,Mozzanica,365,365,100.0
2021,Particelle sospese PM2.5,BG,Mozzo,365,365,100.0
2021,Particelle sospese PM2.5,MB,Muggiò,365,365,100.0
2021,Particelle sospese PM2.5,CO,Musso,365,365,100.0
2021,Particelle sospese PM2.5,BG,Nembro,365,365,100.0
2021,Particelle sospese PM2.5,BS,Niardo,365,365,100.0
2021,Particelle sospese PM2.5,LC,Nibionno,365,365,100.0
2021,Particelle sospese PM2.5,MB,Nova Milanese,365,365,100.0
2021,Particelle sospese PM2.5,SO,Novate Mezzola,365,365,100.0
2021,Particelle sospese PM2.5,LC,Oggiono,365,365,100.0
2021,Particelle sospese PM2.5,LC,Olgiate Molgora,365,365,100.0
2021,Particelle sospese PM2.5,LC,Olginate,365,365,100.0
2021,Particelle sospese PM2.5,LC,Oliveto Lario,365,365,100.0
2021,Particelle sospese PM2.5,BG,Olmo Al Brembo,365,365,100.0
2021,Particelle sospese PM2.5,BG,Oltre Il Colle,365,365,100.0
2021,Particelle sospese PM2.5,BG,Oltressenda Alta,365,365,100.0
2021,Particelle sospese PM2.5,BG,Oneta,365,365,100.0
2021,Particelle sospese PM2.5,BS,Ono San Pietro,365,365,100.0
2021,Particelle sospese PM2.5,BG,Onore,365,365,100.0
2021,Particelle sospese PM2.5,BG,Orio Al Serio,365,365,100.0
2021,Particelle sospese PM2.5,MB,Ornago,365,365,100.0
2021,Particelle sospese PM2.5,BG,Ornica,365,365,100.0
2021,Particelle sospese PM2.5,BG,Osio Sopra,365,365,100.0
2021,Particelle sospese PM2.5,BG,Osio Sotto,365,365,100.0
2021,Particelle sospese PM2.5,LC,Osnago,365,365,100.0
2021,Particelle sospese PM2.5,BS,Ossimo,365,365,100.0
2021,Particelle sospese PM2.5,LC,Paderno D'Adda,365,365,100.0
2021,Particelle sospese PM2.5,BG,Pagazzano,365,365,100.0
2021,Particelle sospese PM2.5,LC,Pagnona,365,365,100.0
2021,Particelle sospese PM2.5,BS,Paisco Loveno,365,365,100.0
2021,Particelle sospese PM2.5,BG,Paladina,365,365,100.0
2021,Particelle sospese PM2.5,BG,Palazzago,365,365,100.0
2021,Particelle sospese PM2.5,BG,Palosco,365,365,100.0
2021,Particelle sospese PM2.5,LC,Parlasco,365,365,100.0
2021,Particelle sospese PM2.5,BG,Parre,365,365,100.0
2021,Particelle sospese PM2.5,BG,Parzanica,365,365,100.0
2021,Particelle sospese PM2.5,BS,Paspardo,365,365,100.0
2021,Particelle sospese PM2.5,LC,Pasturo,365,365,100.0
2021,Particelle sospese PM2.5,SO,Pedesina,365,365,100.0
2021,Particelle sospese PM2.5,BG,Pedrengo,365,365,100.0
2021,Particelle sospese PM2.5,CO,Peglio,365,365,100.0
2021,Particelle sospese PM2.5,BG,Peia,365,365,100.0
2021,Particelle sospese PM2.5,LC,Perledo,365,365,100.0
2021,Particelle sospese PM2.5,LC,Pescate,365,365,100.0
2021,Particelle sospese PM2.5,BS,Pian Camuno,365,365,100.0
2021,Particelle sospese PM2.5,BS,Piancogno,365,365,100.0
2021,Particelle sospese PM2.5,CO,Pianello Del Lario,365,365,100.0
2021,Particelle sospese PM2.5,BG,Pianico,365,365,100.0
2021,Particelle sospese PM2.5,SO,Piantedo,365,365,100.0
2021,Particelle sospese PM2.5,BG,Piario,365,365,100.0
2021,Particelle sospese PM2.5,SO,Piateda,365,365,100.0
2021,Particelle sospese PM2.5,BG,Piazza Brembana,365,365,100.0
2021,Particelle sospese PM2.5,BG,Piazzatorre,365,365,100.0
2021,Particelle sospese PM2.5,BG,Piazzolo,365,365,100.0
2021,Particelle sospese PM2.5,BS,Pisogne,365,365,100.0
2021,Particelle sospese PM2.5,SO,Piuro,365,365,100.0
2021,Particelle sospese PM2.5,SO,Poggiridenti,365,365,100.0
2021,Particelle sospese PM2.5,BG,Pognano,365,365,100.0
2021,Particelle sospese PM2.5,BS,Ponte Di Legno,365,365,100.0
2021,Particelle sospese PM2.5,SO,Ponte In Valtellina,365,365,100.0
2021,Particelle sospese PM2.5,BG,Ponte Nossa,365,365,100.0
2021,Particelle sospese PM2.5,BG,Ponte San Pietro,365,365,100.0
2021,Particelle sospese PM2.5,BG,Ponteranica,365,365,100.0
2021,Particelle sospese PM2.5,BG,Pontida,365,365,100.0
2021,Particelle sospese PM2.5,BG,Pontirolo Nuovo,365,365,100.0
2021,Particelle sospese PM2.5,SO,Postalesio,365,365,100.0
2021,Particelle sospese PM2.5,BG,Pradalunga,365,365,100.0
2021,Particelle sospese PM2.5,SO,Prata Camportaccio,365,365,100.0
2021,Particelle sospese PM2.5,BG,Predore,365,365,100.0
2021,Particelle sospese PM2.5,LC,Premana,365,365,100.0
2021,Particelle sospese PM2.5,BG,Premolo,365,365,100.0
2021,Particelle sospese PM2.5,BG,Presezzo,365,365,100.0
2021,Particelle sospese PM2.5,LC,Primaluna,365,365,100.0
2021,Particelle sospese PM2.5,BG,Pumenengo,365,365,100.0
2021,Particelle sospese PM2.5,BG,Ranica,365,365,100.0
2021,Particelle sospese PM2.5,BG,Ranzanico,365,365,100.0
2021,Particelle sospese PM2.5,SO,Rasura,365,365,100.0
2021,Particelle sospese PM2.5,MB,Renate,365,365,100.0
2021,Particelle sospese PM2.5,BG,Riva Di Solto,365,365,100.0
2021,Particelle sospese PM2.5,LC,Robbiate,365,365,100.0
2021,Particelle sospese PM2.5,LC,Rogeno,365,365,100.0
2021,Particelle sospese PM2.5,BG,Rogno,365,365,100.0
2021,Particelle sospese PM2.5,SO,Rogolo,365,365,100.0
2021,Particelle sospese PM2.5,BG,Romano Di Lombardia,200,365,54.8
2021,Particelle sospese PM2.5,MB,Roncello,365,365,100.0
2021,Particelle sospese PM2.5,MB,Ronco Briantino,365,365,100.0
2021,Particelle sospese PM2.5,BG,Roncobello,324,365,88.8
2021,Particelle sospese PM2.5,BG,Roncola,365,365,100.0
2021,Particelle sospese PM2.5,BG,Rota D'Imagna,365,365,100.0
2021,Particelle sospese PM2.5,BG,Rovetta,365,365,100.0
2021,Particelle sospese PM2.5,SO,Samolaco,365,365,100.0
2021,Particelle sospese PM2.5,SO,San Giacomo Filippo,365,365,100.0
2021,Particelle sospese PM2.5,BG,San Giovanni Bianco,365,365,100.0
2021,Particelle sospese PM2.5,BG,San Paolo D'Argon,365,365,100.0
2021,Particelle sospese PM2.5,BG,San Pellegrino Terme,365,365,100.0
2021,Particelle sospese PM2.5,BG,Sant'Omobono Terme,365,365,100.0
2021,Particelle sospese PM2.5,BG,Santa Brigida,365,365,100.0
2021,Particelle sospese PM2.5,LC,Santa Maria Hoè,365,365,100.0
2021,Particelle sospese PM2.5,BG,Sarnico,365,365,100.0
2021,Particelle sospese PM2.5,BS,Saviore Dell'Adamello,365,365,100.0
2021,Particelle sospese PM2.5,BG,Scanzorosciate,365,365,100.0
2021,Particelle sospese PM2.5,BG,Schilpario,365,365,100.0
2021,Particelle sospese PM2.5,BG,Sedrina,365,365,100.0
2021,Particelle sospese PM2.5,BS,Sellero,365,365,100.0
2021,Particelle sospese PM2.5,BG,Selvino,365,365,100.0
2021,Particelle sospese PM2.5,MB,Seregno,365,365,100.0
2021,Particelle sospese PM2.5,BG,Seriate,365,365,100.0
2021,Particelle sospese PM2.5,BG,Serina,365,365,100.0
2021,Particelle sospese PM2.5,SO,Sernio,365,365,100.0
2021,Particelle sospese PM2.5,MB,Seveso,365,365,100.0
2021,Particelle sospese PM2.5,LC,Sirone,365,365,100.0
2021,Particelle sospese PM2.5,LC,Sirtori,365,365,100.0
2021,Particelle sospese PM2.5,BG,Solto Collina,365,365,100.0
2021,Particelle sospese PM2.5,BG,Solza,365,365,100.0
2021,Particelle sospese PM2.5,SO,Sondalo,365,365,100.0
2021,Particelle sospese PM2.5,SO,Sondrio,365,365,100.0
2021,Particelle sospese PM2.5,BG,Songavazzo,365,365,100.0
2021,Particelle sospese PM2.5,BS,Sonico,319,365,87.4
2021,Particelle sospese PM2.5,CO,Sorico,365,365,100.0
2021,Particelle sospese PM2.5,BG,Sorisole,365,365,100.0
2021,Particelle sospese PM2.5,BG,Sotto Il Monte Giovanni Xxiii,365,365,100.0
2021,Particelle sospese PM2.5,BG,Sovere,365,365,100.0
2021,Particelle sospese PM2.5,MB,Sovico,365,365,100.0
2021,Particelle sospese PM2.5,BG,Spinone Al Lago,365,365,100.0
2021,Particelle sospese PM2.5,BG,Spirano,365,365,100.0
2021,Particelle sospese PM2.5,SO,Spriana,365,365,100.0
2021,Particelle sospese PM2.5,CO,Stazzona,365,365,100.0
2021,Particelle sospese PM2.5,BG,Stezzano,365,365,100.0
2021,Particelle sospese PM2.5,BG,Strozza,365,365,100.0
2021,Particelle sospese PM2.5,LC,Sueglio,365,365,100.0
2021,Particelle sospese PM2.5,LC,Suello,365,365,100.0
2021,Particelle sospese PM2.5,BG,Suisio,365,365,100.0
2021,Particelle sospese PM2.5,MB,Sulbiate,365,365,100.0
2021,Particelle sospese PM2.5,LC,Taceno,365,365,100.0
2021,Particelle sospese PM2.5,SO,Talamona,365,365,100.0
2021,Particelle sospese PM2.5,BG,Taleggio,365,365,100.0
2021,Particelle sospese PM2.5,SO,Tartano,365,365,100.0
2021,Particelle sospese PM2.5,BG,Tavernola Bergamasca,365,365,100.0
2021,Particelle sospese PM2.5,SO,Teglio,365,365,100.0
2021,Particelle sospese PM2.5,BG,Telgate,365,365,100.0
2021,Particelle sospese PM2.5,BS,Temù,365,365,100.0
2021,Particelle sospese PM2.5,BG,Terno D'Isola,365,365,100.0
2021,Particelle sospese PM2.5,SO,Tirano,365,365,100.0
2021,Particelle sospese PM2.5,BG,Torre Boldone,365,365,100.0
2021,Particelle sospese PM2.5,BG,Torre De' Roveri,365,365,100.0
2021,Particelle sospese PM2.5,SO,Torre Di Santa Maria,365,365,100.0
2021,Particelle sospese PM2.5,BG,Torre Pallavicina,365,365,100.0
2021,Particelle sospese PM2.5,SO,Tovo Di Sant'Agata,365,365,100.0
2021,Particelle sospese PM2.5,SO,Traona,365,365,100.0
2021,Particelle sospese PM2.5,BG,Trescore Balneario,365,365,100.0
2021,Particelle sospese PM2.5,SO,Tresivio,365,365,100.0
2021,Particelle sospese PM2.5,BG,Treviglio,365,365,100.0
2021,Particelle sospese PM2.5,BG,Treviolo,365,365,100.0
2021,Particelle sospese PM2.5,CO,Trezzone,365,365,100.0
2021,Particelle sospese PM2.5,MB,Triuggio,365,365,100.0
2021,Particelle sospese PM2.5,BG,Ubiale Clanezzo,365,365,100.0
2021,Particelle sospese PM2.5,BG,Urgnano,365,365,100.0
2021,Particelle sospese PM2.5,MB,Usmate Velate,365,365,100.0
2021,Particelle sospese PM2.5,BG,Val Brembilla,365,365,100.0
2021,Particelle sospese PM2.5,SO,Val Masino,365,365,100.0
2021,Particelle sospese PM2.5,BG,Valbondione,365,365,100.0
2021,Particelle sospese PM2.5,BG,Valbrembo,365,365,100.0
2021,Particelle sospese PM2.5,SO,Valdidentro,365,365,100.0
2021,Particelle sospese PM2.5,SO,Valdisotto,365,365,100.0
2021,Particelle sospese PM2.5,SO,Valfurva,365,365,100.0
2021,Particelle sospese PM2.5,BG,Valgoglio,365,365,100.0
2021,Particelle sospese PM2.5,LC,Valgreghentino,365,365,100.0
2021,Particelle sospese PM2.5,BG,Valleve,365,365,100.0
2021,Particelle sospese PM2.5,LC,Valmadrera,365,365,100.0
2021,Particelle sospese PM2.5,BG,Valnegra,365,365,100.0
2021,Particelle sospese PM2.5,BG,Valtorta,365,365,100.0
2021,Particelle sospese PM2.5,MB,Varedo,365,365,100.0
2021,Particelle sospese PM2.5,LC,Varenna,365,365,100.0
2021,Particelle sospese PM2.5,MB,Vedano Al Lambro,365,365,100.0
2021,Particelle sospese PM2.5,BG,Vedeseta,365,365,100.0
2021,Particelle sospese PM2.5,MB,Veduggio Con Colzano,365,365,100.0
2021,Particelle sospese PM2.5,MB,Verano Brianza,365,365,100.0
2021,Particelle sospese PM2.5,CO,Vercana,365,365,100.0
2021,Particelle sospese PM2.5,SO,Verceia,365,365,100.0
2021,Particelle sospese PM2.5,LC,Vercurago,365,365,100.0
2021,Particelle sospese PM2.5,BG,Verdellino,365,365,100.0
2021,Particelle sospese PM2.5,BG,Verdello,365,365,100.0
2021,Particelle sospese PM2.5,LC,Verderio,365,365,100.0
2021,Particelle sospese PM2.5,BG,Vertova,365,365,100.0
2021,Particelle sospese PM2.5,SO,Vervio,365,365,100.0
2021,Particelle sospese PM2.5,BS,Vezza D'Oglio,365,365,100.0
2021,Particelle sospese PM2.5,BG,Viadanica,365,365,100.0
2021,Particelle sospese PM2.5,BG,Vigano San Martino,365,365,100.0
2021,Particelle sospese PM2.5,LC,Viganò,365,365,100.0
2021,Particelle sospese PM2.5,BG,Vigolo,365,365,100.0
2021,Particelle sospese PM2.5,BG,Villa D'Adda,365,365,100.0
2021,Particelle sospese PM2.5,BG,Villa D'Almè,365,365,100.0
2021,Particelle sospese PM2.5,BG,Villa D'Ogna,365,365,100.0
2021,Particelle sospese PM2.5,SO,Villa Di Chiavenna,365,365,100.0
2021,Particelle sospese PM2.5,BG,Villa Di Serio,365,365,100.0
2021,Particelle sospese PM2.5,SO,Villa Di Tirano,365,365,100.0
2021,Particelle sospese PM2.5,MB,Villasanta,365,365,100.0
2021,Particelle sospese PM2.5,BG,Villongo,365,365,100.0
2021,Particelle sospese PM2.5,BG,Vilminore Di Scalve,365,365,100.0
2021,Particelle sospese PM2.5,MB,Vimercate,365,365,100.0
2021,Particelle sospese PM2.5,BS,Vione,365,365,100.0
2021,Particelle sospese PM2.5,BG,Zandobbio,365,365,100.0
2021,Particelle sospese PM2.5,BG,Zanica,365,365,100.0
2021,Particelle sospese PM2.5,BG,Zogno,365,365,100.0
2021,Biossido di Azoto,LC,Abbadia Lariana,365,365,100.0
2021,Biossido di Azoto,BG,Adrara San Martino,365,365,100.0
2021,Biossido di Azoto,BG,Adrara San Rocco,365,365,100.0
2021,Biossido di Azoto,MB,Agrate Brianza,365,365,100.0
2021,Biossido di Azoto,MB,Aicurzio,365,365,100.0
2021,Biossido di Azoto,LC,Airuno,365,365,100.0
2021,Biossido di Azoto,BG,Albano Sant'Alessandro,365,365,100.0
2021,Biossido di Azoto,SO,Albaredo Per San Marco,365,365,100.0
2021,Biossido di Azoto,MB,Albiate,365,365,100.0
2021,Biossido di Azoto,BG,Albino,365,365,100.0
2021,Biossido di Azoto,SO,Albosaggia,365,365,100.0
2021,Biossido di Azoto,BG,Algua,365,365,100.0
2021,Biossido di Azoto,BG,Almenno San Bartolomeo,365,365,100.0
2021,Biossido di Azoto,BG,Almenno San Salvatore,365,365,100.0
2021,Biossido di Azoto,BG,Almè,365,365,100.0
2021,Biossido di Azoto,BG,Alzano Lombardo,365,365,100.0
2021,Biossido di Azoto,BG,Ambivere,365,365,100.0
2021,Biossido di Azoto,SO,Andalo Valtellino,365,365,100.0
2021,Biossido di Azoto,BS,Angolo Terme,365,365,100.0
2021,Biossido di Azoto,LC,Annone Di Brianza,365,365,100.0
2021,Biossido di Azoto,BG,Antegnate,365,365,100.0
2021,Biossido di Azoto,SO,Aprica,365,365,100.0
2021,Biossido di Azoto,BG,Arcene,365,365,100.0
2021,Biossido di Azoto,MB,Arcore,365,365,100.0
2021,Biossido di Azoto,SO,Ardenno,365,365,100.0
2021,Biossido di Azoto,BG,Ardesio,365,365,100.0
2021,Biossido di Azoto,BS,Artogne,365,365,100.0
2021,Biossido di Azoto,BG,Arzago D'Adda,365,365,100.0
2021,Biossido di Azoto,BG,Averara,365,365,100.0
2021,Biossido di Azoto,BG,Aviatico,365,365,100.0
2021,Biossido di Azoto,BG,Azzano San Paolo,365,365,100.0
2021,Biossido di Azoto,BG,Azzone,365,365,100.0
2021,Biossido di Azoto,BG,Bagnatica,365,365,100.0
2021,Biossido di Azoto,LC,Ballabio,365,365,100.0
2021,Biossido di Azoto,BG,Barbata,365,365,100.0
2021,Biossido di Azoto,BG,Bariano,365,365,100.0
2021,Biossido di Azoto,MB,Barlassina,365,365,100.0
2021,Biossido di Azoto,LC,Barzago,365,365,100.0
2021,Biossido di Azoto,BG,Barzana,365,365,100.0
2021,Biossido di Azoto,LC,Barzanò,365,365,100.0
2021,Biossido di Azoto,LC,Barzio,365,365,100.0
2021,Biossido di Azoto,BG,Bedulita,365,365,100.0
2021,Biossido di Azoto,LC,Bellano,365,365,100.0
2021,Biossido di Azoto,MB,Bellusco,365,365,100.0
2021,Biossido di Azoto,SO,Bema,365,365,100.0
2021,Biossido di Azoto,BG,Berbenno,365,365,100.0
2021,Biossido di Azoto,SO,Berbenno Di Valtellina,365,365,100.0
2021,Biossido di Azoto,BG,Bergamo,365,365,100.0
2021,Biossido di Azoto,MB,Bernareggio,365,365,100.0
2021,Biossido di Azoto,BS,Berzo Demo,365,365,100.0
2021,Biossido di Azoto,BS,Berzo Inferiore,365,365,100.0
2021,Biossido di Azoto,BG,Berzo San Fermo,365,365,100.0
2021,Biossido di Azoto,MB,Besana In Brianza,365,365,100.0
2021,Biossido di Azoto,BG,Bianzano,365,365,100.0
2021,Biossido di Azoto,SO,Bianzone,365,365,100.0
2021,Biossido di Azoto,MB,Biassono,365,365,100.0
2021,Biossido di Azoto,BS,Bienno,365,365,100.0
2021,Biossido di Azoto,BG,Blello,365,365,100.0
2021,Biossido di Azoto,BG,Bolgare,365,365,100.0
2021,Biossido di Azoto,BG,Boltiere,365,365,100.0
2021,Biossido di Azoto,BG,Bonate Sopra,365,365,100.0
2021,Biossido di Azoto,BG,Bonate Sotto,365,365,100.0
2021,Biossido di Azoto,BG,Borgo Di Terzo,365,365,100.0
2021,Biossido di Azoto,SO,Bormio,365,365,100.0
2021,Biossido di Azoto,BS,Borno,365,365,100.0
2021,Biossido di Azoto,LC,Bosisio Parini,365,365,100.0
2021,Biossido di Azoto,BG,Bossico,365,365,100.0
2021,Biossido di Azoto,BG,Bottanuco,365,365,100.0
2021,Biossido di Azoto,MB,Bovisio-Masciago,365,365,100.0
2021,Biossido di Azoto,BG,Bracca,365,365,100.0
2021,Biossido di Azoto,BG,Branzi,365,365,100.0
2021,Biossido di Azoto,BS,Braone,365,365,100.0
2021,Biossido di Azoto,BG,Brembate,365,365,100.0
2021,Biossido di Azoto,BG,Brembate Di Sopra,365,365,100.0
2021,Biossido di Azoto,BS,Breno,365,365,100.0
2021,Biossido di Azoto,BG,Brignano Gera D'Adda,365,365,100.0
2021,Biossido di Azoto,MB,Briosco,365,365,100.0
2021,Biossido di Azoto,LC,Brivio,365,365,100.0
2021,Biossido di Azoto,MB,Brugherio,365,365,100.0
2021,Biossido di Azoto,BG,Brumano,365,365,100.0
2021,Biossido di Azoto,BG,Brusaporto,365,365,100.0
2021,Biossido di Azoto,SO,Buglio In Monte,365,365,100.0
2021,Biossido di Azoto,LC,Bulciago,365,365,100.0
2021,Biossido di Azoto,MB,Burago Di Molgora,365,365,100.0
2021,Biossido di Azoto,MB,Busnago,340,365,93.2
2021,Biossido di Azoto,SO,Caiolo,365,365,100.0
2021,Biossido di Azoto,BG,Calcinate,365,365,100.0
2021,Biossido di Azoto,BG,Calcio,365,365,100.0
2021,Biossido di Azoto,LC,Calco,365,365,100.0
2021,Biossido di Azoto,LC,Calolziocorte,365,365,100.0
2021,Biossido di Azoto,BG,Calusco D'Adda,365,365,100.0
2021,Biossido di Azoto,BG,Calvenzano,365,365,100.0
2021,Biossido di Azoto,BG,Camerata Cornello,365,365,100.0
2021,Biossido di Azoto,MB,Camparada,365,365,100.0
2021,Biossido di Azoto,SO,Campodolcino,365,365,100.0
2021,Biossido di Azoto,BG,Canonica D'Adda,365,365,100.0
2021,Biossido di Azoto,BG,Capizzone,365,365,100.0
2021,Biossido di Azoto,BS,Capo Di Ponte,365,365,100.0
2021,Biossido di Azoto,MB,Caponago,365,365,100.0
2021,Biossido di Azoto,BG,Capriate San Gervasio,365,365,100.0
2021,Biossido di Azoto,BG,Caprino Bergamasco,365,365,100.0
2021,Biossido di Azoto,MB,Carate Brianza,365,365,100.0
2021,Biossido di Azoto,BG,Caravaggio,365,365,100.0
2021,Biossido di Azoto,LC,Carenno,365,365,100.0
2021,Biossido di Azoto,MB,Carnate,365,365,100.0
2021,Biossido di Azoto,BG,Carobbio Degli Angeli,365,365,100.0
2021,Biossido di Azoto,BG,Carona,365,365,100.0
2021,Biossido di Azoto,BG,Carvico,365,365,100.0
2021,Biossido di Azoto,LC,Casargo,365,365,100.0
2021,Biossido di Azoto,LC,Casatenovo,365,365,100.0
2021,Biossido di Azoto,BG,Casazza,365,365,100.0
2021,Biossido di Azoto,BG,Casirate D'Adda,365,365,100.0
2021,Biossido di Azoto,BG,Casnigo,365,365,100.0
2021,Biossido di Azoto,SO,Caspoggio,365,365,100.0
2021,Biossido di Azoto,LC,Cassago Brianza,365,365,100.0
2021,Biossido di Azoto,BG,Cassiglio,365,365,100.0
2021,Biossido di Azoto,LC,Cassina Valsassina,365,365,100.0
2021,Biossido di Azoto,BG,Castel Rozzone,365,365,100.0
2021,Biossido di Azoto,BG,Castelli Calepio,365,365,100.0
2021,Biossido di Azoto,SO,Castello Dell'Acqua,365,365,100.0
2021,Biossido di Azoto,LC,Castello Di Brianza,365,365,100.0
2021,Biossido di Azoto,SO,Castione Andevenno,365,365,100.0
2021,Biossido di Azoto,BG,Castione Della Presolana,365,365,100.0
2021,Biossido di Azoto,BG,Castro,365,365,100.0
2021,Biossido di Azoto,MB,Cavenago Di Brianza,365,365,100.0
2021,Biossido di Azoto,BG,Cavernago,365,365,100.0
2021,Biossido di Azoto,BG,Cazzano Sant'Andrea,365,365,100.0
2021,Biossido di Azoto,BS,Cedegolo,365,365,100.0
2021,Biossido di Azoto,SO,Cedrasco,365,365,100.0
2021,Biossido di Azoto,BG,Cenate Sopra,365,365,100.0
2021,Biossido di Azoto,BG,Cenate Sotto,365,365,100.0
2021,Biossido di Azoto,BG,Cene,365,365,100.0
2021,Biossido di Azoto,SO,Cercino,365,365,100.0
2021,Biossido di Azoto,BG,Cerete,365,365,100.0
2021,Biossido di Azoto,MB,Ceriano Laghetto,365,365,100.0
2021,Biossido di Azoto,LC,Cernusco Lombardone,365,365,100.0
2021,Biossido di Azoto,BS,Cerveno,365,365,100.0
2021,Biossido di Azoto,LC,Cesana Brianza,365,365,100.0
2021,Biossido di Azoto,MB,Cesano Maderno,365,365,100.0
2021,Biossido di Azoto,BS,Ceto,365,365,100.0
2021,Biossido di Azoto,BS,Cevo,365,365,100.0
2021,Biossido di Azoto,SO,Chiavenna,365,365,100.0
2021,Biossido di Azoto,SO,Chiesa In Valmalenco,365,365,100.0
2021,Biossido di Azoto,BG,Chignolo D'Isola,365,365,100.0
2021,Biossido di Azoto,BG,Chiuduno,365,365,100.0
2021,Biossido di Azoto,SO,Chiuro,365,365,100.0
2021,Biossido di Azoto,BS,Cimbergo,365,365,100.0
2021,Biossido di Azoto,SO,Cino,365,365,100.0
2021,Biossido di Azoto,BG,Cisano Bergamasco,365,365,100.0
2021,Biossido di Azoto,BG,Ciserano,365,365,100.0
2021,Biossido di Azoto,LC,Civate,365,365,100.0
2021,Biossido di Azoto,BG,Cividate Al Piano,365,365,100.0
2021,Biossido di Azoto,BS,Cividate Camuno,365,365,100.0
2021,Biossido di Azoto,SO,Civo,365,365,100.0
2021,Biossido di Azoto,BG,Clusone,365,365,100.0
2021,Biossido di Azoto,MB,Cogliate,365,365,100.0
2021,Biossido di Azoto,BG,Colere,365,365,100.0
2021,Biossido di Azoto,LC,Colico,365,365,100.0
2021,Biossido di Azoto,LC,Colle Brianza,365,365,100.0
2021,Biossido di Azoto,BG,Cologno Al Serio,365,365,100.0
2021,Biossido di Azoto,SO,Colorina,365,365,100.0
2021,Biossido di Azoto,BG,Colzate,365,365,100.0
2021,Biossido di Azoto,BG,Comun Nuovo,365,365,100.0
2021,Biossido di Azoto,MB,Concorezzo,365,365,100.0
2021,Biossido di Azoto,BG,Corna Imagna,365,365,100.0
2021,Biossido di Azoto,BG,Cornalba,365,365,100.0
2021,Biossido di Azoto,MB,Cornate D'Adda,365,365,100.0
2021,Biossido di Azoto,MB,Correzzana,365,365,100.0
2021,Biossido di Azoto,BS,Corteno Golgi,365,365,100.0
2021,Biossido di Azoto,LC,Cortenova,365,365,100.0
2021,Biossido di Azoto,BG,Cortenuova,365,365,100.0
2021,Biossido di Azoto,SO,Cosio Valtellino,365,365,100.0
2021,Biossido di Azoto,BG,Costa Di Mezzate,365,365,100.0
2021,Biossido di Azoto,LC,Costa Masnaga,365,365,100.0
2021,Biossido di Azoto,BG,Costa Serina,365,365,100.0
2021,Biossido di Azoto,BG,Costa Valle Imagna,365,365,100.0
2021,Biossido di Azoto,BG,Costa Volpino,365,365,100.0
2021,Biossido di Azoto,BG,Covo,365,365,100.0
2021,Biossido di Azoto,LC,Crandola Valsassina,365,365,100.0
2021,Biossido di Azoto,BG,Credaro,365,365,100.0
2021,Biossido di Azoto,LC,Cremella,365,365,100.0
2021,Biossido di Azoto,LC,Cremeno,365,365,100.0
2021,Biossido di Azoto,CO,Cremia,365,365,100.0
2021,Biossido di Azoto,BG,Curno,365,365,100.0
2021,Biossido di Azoto,BG,Cusio,365,365,100.0
2021,Biossido di Azoto,BG,Dalmine,365,365,100.0
2021,Biossido di Azoto,BS,Darfo Boario Terme,365,365,100.0
2021,Biossido di Azoto,SO,Dazio,365,365,100.0
2021,Biossido di Azoto,SO,Delebio,365,365,100.0
2021,Biossido di Azoto,LC,Dervio,365,365,100.0
2021,Biossido di Azoto,MB,Desio,365,365,100.0
2021,Biossido di Azoto,LC,Dolzago,365,365,100.0
2021,Biossido di Azoto,CO,Domaso,365,365,100.0
2021,Biossido di Azoto,CO,Dongo,365,365,100.0
2021,Biossido di Azoto,LC,Dorio,365,365,100.0
2021,Biossido di Azoto,BG,Dossena,365,365,100.0
2021,Biossido di Azoto,CO,Dosso Del Liro,365,365,100.0
2021,Biossido di Azoto,SO,Dubino,365,365,100.0
2021,Biossido di Azoto,BS,Edolo,365,365,100.0
2021,Biossido di Azoto,LC,Ello,365,365,100.0
2021,Biossido di Azoto,BG,Endine Gaiano,365,365,100.0
2021,Biossido di Azoto,BG,Entratico,365,365,100.0
2021,Biossido di Azoto,LC,Erve,365,365,100.0
2021,Biossido di Azoto,BS,Esine,365,365,100.0
2021,Biossido di Azoto,LC,Esino Lario,365,365,100.0
2021,Biossido di Azoto,SO,Faedo Valtellino,365,365,100.0
2021,Biossido di Azoto,BG,Fara Gera D'Adda,365,365,100.0
2021,Biossido di Azoto,BG,Fara Olivana Con Sola,365,365,100.0
2021,Biossido di Azoto,BG,Filago,365,365,100.0
2021,Biossido di Azoto,BG,Fino Del Monte,365,365,100.0
2021,Biossido di Azoto,BG,Fiorano Al Serio,365,365,100.0
2021,Biossido di Azoto,BG,Fontanella,365,365,100.0
2021,Biossido di Azoto,BG,Fonteno,365,365,100.0
2021,Biossido di Azoto,BG,Foppolo,365,365,100.0
2021,Biossido di Azoto,SO,Forcola,365,365,100.0
2021,Biossido di Azoto,BG,Foresto Sparso,365,365,100.0
2021,Biossido di Azoto,BG,Fornovo San Giovanni,365,365,100.0
2021,Biossido di Azoto,BG,Fuipiano Valle Imagna,365,365,100.0
2021,Biossido di Azoto,SO,Fusine,365,365,100.0
2021,Biossido di Azoto,LC,Galbiate,365,365,100.0
2021,Biossido di Azoto,BG,Gandellino,365,365,100.0
2021,Biossido di Azoto,BG,Gandino,365,365,100.0
2021,Biossido di Azoto,BG,Gandosso,365,365,100.0
2021,Biossido di Azoto,LC,Garbagnate Monastero,365,365,100.0
2021,Biossido di Azoto,LC,Garlate,365,365,100.0
2021,Biossido di Azoto,CO,Garzeno,365,365,100.0
2021,Biossido di Azoto,BG,Gaverina Terme,365,365,100.0
2021,Biossido di Azoto,BG,Gazzaniga,365,365,100.0
2021,Biossido di Azoto,CO,Gera Lario,365,365,100.0
2021,Biossido di Azoto,SO,Gerola Alta,365,365,100.0
2021,Biossido di Azoto,BG,Ghisalba,365,365,100.0
2021,Biossido di Azoto,BS,Gianico,365,365,100.0
2021,Biossido di Azoto,MB,Giussano,365,365,100.0
2021,Biossido di Azoto,SO,Gordona,365,365,100.0
2021,Biossido di Azoto,BG,Gorlago,365,365,100.0
2021,Biossido di Azoto,BG,Gorle,365,365,100.0
2021,Biossido di Azoto,BG,Gorno,365,365,100.0
2021,Biossido di Azoto,BG,Grassobbio,365,365,100.0
2021,Biossido di Azoto,CO,Gravedona Ed Uniti,365,365,100.0
2021,Biossido di Azoto,BG,Gromo,365,365,100.0
2021,Biossido di Azoto,BG,Grone,365,365,100.0
2021,Biossido di Azoto,SO,Grosio,365,365,100.0
2021,Biossido di Azoto,SO,Grosotto,365,365,100.0
2021,Biossido di Azoto,BG,Grumello Del Monte,365,365,100.0
2021,Biossido di Azoto,LC,Imbersago,365,365,100.0
2021,Biossido di Azoto,BS,Incudine,365,365,100.0
2021,Biossido di Azoto,LC,Introbio,365,365,100.0
2021,Biossido di Azoto,BG,Isola Di Fondra,365,365,100.0
2021,Biossido di Azoto,BG,Isso,365,365,100.0
2021,Biossido di Azoto,LC,La Valletta Brianza,365,365,100.0
2021,Biossido di Azoto,BG,Lallio,365,365,100.0
2021,Biossido di Azoto,SO,Lanzada,365,365,100.0
2021,Biossido di Azoto,MB,Lazzate,365,365,100.0
2021,Biossido di Azoto,LC,Lecco,365,365,100.0
2021,Biossido di Azoto,BG,Leffe,365,365,100.0
2021,Biossido di Azoto,BG,Lenna,365,365,100.0
2021,Biossido di Azoto,MB,Lentate Sul Seveso,365,365,100.0
2021,Biossido di Azoto,MB,Lesmo,365,365,100.0
2021,Biossido di Azoto,BG,Levate,365,365,100.0
2021,Biossido di Azoto,LC,Lierna,365,365,100.0
2021,Biossido di Azoto,MB,Limbiate,365,365,100.0
2021,Biossido di Azoto,MB,Lissone,365,365,100.0
2021,Biossido di Azoto,SO,Livigno,365,365,100.0
2021,Biossido di Azoto,CO,Livo,365,365,100.0
2021,Biossido di Azoto,BG,Locatello,365,365,100.0
2021,Biossido di Azoto,LC,Lomagna,365,365,100.0
2021,Biossido di Azoto,BS,Losine,365,365,100.0
2021,Biossido di Azoto,BG,Lovere,365,365,100.0
2021,Biossido di Azoto,SO,Lovero,365,365,100.0
2021,Biossido di Azoto,BS,Lozio,365,365,100.0
2021,Biossido di Azoto,BG,Lurano,365,365,100.0
2021,Biossido di Azoto,BG,Luzzana,365,365,100.0
2021,Biossido di Azoto,MB,Macherio,365,365,100.0
2021,Biossido di Azoto,SO,Madesimo,365,365,100.0
2021,Biossido di Azoto,BG,Madone,365,365,100.0
2021,Biossido di Azoto,BS,Malegno,365,365,100.0
2021,Biossido di Azoto,LC,Malgrate,365,365,100.0
2021,Biossido di Azoto,BS,Malonno,365,365,100.0
2021,Biossido di Azoto,LC,Mandello Del Lario,365,365,100.0
2021,Biossido di Azoto,SO,Mantello,365,365,100.0
2021,Biossido di Azoto,BG,Mapello,365,365,100.0
2021,Biossido di Azoto,LC,Margno,365,365,100.0
2021,Biossido di Azoto,BG,Martinengo,365,365,100.0
2021,Biossido di Azoto,SO,Mazzo Di Valtellina,365,365,100.0
2021,Biossido di Azoto,MB,Meda,365,365,100.0
2021,Biossido di Azoto,BG,Medolago,365,365,100.0
2021,Biossido di Azoto,SO,Mello,365,365,100.0
2021,Biossido di Azoto,LC,Merate,365,365,100.0
2021,Biossido di Azoto,SO,Mese,365,365,100.0
2021,Biossido di Azoto,MB,Mezzago,365,365,100.0
2021,Biossido di Azoto,BG,Mezzoldo,365,365,100.0
2021,Biossido di Azoto,BG,Misano Di Gera D'Adda,365,365,100.0
2021,Biossido di Azoto,MB,Misinto,365,365,100.0
2021,Biossido di Azoto,LC,Missaglia,365,365,100.0
2021,Biossido di Azoto,LC,Moggio,365,365,100.0
2021,Biossido di Azoto,BG,Moio De' Calvi,365,365,100.0
2021,Biossido di Azoto,LC,Molteno,365,365,100.0
2021,Biossido di Azoto,BG,Monasterolo Del Castello,365,365,100.0
2021,Biossido di Azoto,BS,Monno,365,365,100.0
2021,Biossido di Azoto,SO,Montagna In Valtellina,365,365,100.0
2021,Biossido di Azoto,LC,Monte Marenzo,365,365,100.0
2021,Biossido di Azoto,BG,Montello,365,365,100.0
2021,Biossido di Azoto,CO,Montemezzo,365,365,100.0
2021,Biossido di Azoto,LC,Montevecchia,365,365,100.0
2021,Biossido di Azoto,LC,Monticello Brianza,365,365,100.0
2021,Biossido di Azoto,MB,Monza,365,365,100.0
2021,Biossido di Azoto,SO,Morbegno,365,365,100.0
2021,Biossido di Azoto,BG,Morengo,365,365,100.0
2021,Biossido di Azoto,BG,Mornico Al Serio,365,365,100.0
2021,Biossido di Azoto,LC,Morterone,365,365,100.0
2021,Biossido di Azoto,BG,Mozzanica,365,365,100.0
2021,Biossido di Azoto,BG,Mozzo,365,365,100.0
2021,Biossido di Azoto,MB,Muggiò,365,365,100.0
2021,Biossido di Azoto,CO,Musso,365,365,100.0
2021,Biossido di Azoto,BG,Nembro,365,365,100.0
2021,Biossido di Azoto,BS,Niardo,365,365,100.0
2021,Biossido di Azoto,LC,Nibionno,365,365,100.0
2021,Biossido di Azoto,MB,Nova Milanese,365,365,100.0
2021,Biossido di Azoto,SO,Novate Mezzola,365,365,100.0
2021,Biossido di Azoto,LC,Oggiono,365,365,100.0
2021,Biossido di Azoto,LC,Olgiate Molgora,365,365,100.0
2021,Biossido di Azoto,LC,Olginate,365,365,100.0
2021,Biossido di Azoto,LC,Oliveto Lario,365,365,100.0
2021,Biossido di Azoto,BG,Olmo Al Brembo,365,365,100.0
2021,Biossido di Azoto,BG,Oltre Il Colle,365,365,100.0
2021,Biossido di Azoto,BG,Oltressenda Alta,365,365,100.0
2021,Biossido di Azoto,BG,Oneta,365,365,100.0
2021,Biossido di Azoto,BS,Ono San Pietro,365,365,100.0
2021,Biossido di Azoto,BG,Onore,365,365,100.0
2021,Biossido di Azoto,BG,Orio Al Serio,365,365,100.0
2021,Biossido di Azoto,MB,Ornago,365,365,100.0
2021,Biossido di Azoto,BG,Ornica,365,365,100.0
2021,Biossido di Azoto,BG,Osio Sopra,365,365,100.0
2021,Biossido di Azoto,BG,Osio Sotto,365,365,100.0
2021,Biossido di Azoto,LC,Osnago,365,365,100.0
2021,Biossido di Azoto,BS,Ossimo,365,365,100.0
2021,Biossido di Azoto,LC,Paderno D'Adda,365,365,100.0
2021,Biossido di Azoto,BG,Pagazzano,365,365,100.0
2021,Biossido di Azoto,LC,Pagnona,365,365,100.0
2021,Biossido di Azoto,BS,Paisco Loveno,365,365,100.0
2021,Biossido di Azoto,BG,Paladina,365,365,100.0
2021,Biossido di Azoto,BG,Palazzago,365,365,100.0
2021,Biossido di Azoto,BG,Palosco,365,365,100.0
2021,Biossido di Azoto,LC,Parlasco,365,365,100.0
2021,Biossido di Azoto,BG,Parre,365,365,100.0
2021,Biossido di Azoto,BG,Parzanica,365,365,100.0
2021,Biossido di Azoto,BS,Paspardo,365,365,100.0
2021,Biossido di Azoto,LC,Pasturo,365,365,100.0
2021,Biossido di Azoto,SO,Pedesina,365,365,100.0
2021,Biossido di Azoto,BG,Pedrengo,365,365,100.0
2021,Biossido di Azoto,CO,Peglio,365,365,100.0
2021,Biossido di Azoto,BG,Peia,365,365,100.0
2021,Biossido di Azoto,LC,Perledo,365,365,100.0
2021,Biossido di Azoto,LC,Pescate,365,365,100.0
2021,Biossido di Azoto,BS,Pian Camuno,365,365,100.0
2021,Biossido di Azoto,BS,Piancogno,365,365,100.0
2021,Biossido di Azoto,CO,Pianello Del Lario,365,365,100.0
2021,Biossido di Azoto,BG,Pianico,365,365,100.0
2021,Biossido di Azoto,SO,Piantedo,365,365,100.0
2021,Biossido di Azoto,BG,Piario,365,365,100.0
2021,Biossido di Azoto,SO,Piateda,365,365,100.0
2021,Biossido di Azoto,BG,Piazza Brembana,365,365,100.0
2021,Biossido di Azoto,BG,Piazzatorre,365,365,100.0
2021,Biossido di Azoto,BG,Piazzolo,365,365,100.0
2021,Biossido di Azoto,BS,Pisogne,365,365,100.0
2021,Biossido di Azoto,SO,Piuro,365,365,100.0
2021,Biossido di Azoto,SO,Poggiridenti,365,365,100.0
2021,Biossido di Azoto,BG,Pognano,365,365,100.0
2021,Biossido di Azoto,BS,Ponte Di Legno,365,365,100.0
2021,Biossido di Azoto,SO,Ponte In Valtellina,365,365,100.0
2021,Biossido di Azoto,BG,Ponte Nossa,365,365,100.0
2021,Biossido di Azoto,BG,Ponte San Pietro,365,365,100.0
2021,Biossido di Azoto,BG,Ponteranica,365,365,100.0
2021,Biossido di Azoto,BG,Pontida,365,365,100.0
2021,Biossido di Azoto,BG,Pontirolo Nuovo,365,365,100.0
2021,Biossido di Azoto,SO,Postalesio,365,365,100.0
2021,Biossido di Azoto,BG,Pradalunga,365,365,100.0
2021,Biossido di Azoto,SO,Prata Camportaccio,365,365,100.0
2021,Biossido di Azoto,BG,Predore,365,365,100.0
2021,Biossido di Azoto,LC,Premana,365,365,100.0
2021,Biossido di Azoto,BG,Premolo,365,365,100.0
2021,Biossido di Azoto,BG,Presezzo,365,365,100.0
2021,Biossido di Azoto,LC,Primaluna,365,365,100.0
2021,Biossido di Azoto,BG,Pumenengo,365,365,100.0
2021,Biossido di Azoto,BG,Ranica,365,365,100.0
2021,Biossido di Azoto,BG,Ranzanico,365,365,100.0
2021,Biossido di Azoto,SO,Rasura,365,365,100.0
2021,Biossido di Azoto,MB,Renate,365,365,100.0
2021,Biossido di Azoto,BG,Riva Di Solto,365,365,100.0
2021,Biossido di Azoto,LC,Robbiate,365,365,100.0
2021,Biossido di Azoto,LC,Rogeno,365,365,100.0
2021,Biossido di Azoto,BG,Rogno,365,365,100.0
2021,Biossido di Azoto,SO,Rogolo,365,365,100.0
2021,Biossido di Azoto,BG,Romano Di Lombardia,365,365,100.0
2021,Biossido di Azoto,MB,Roncello,365,365,100.0
2021,Biossido di Azoto,MB,Ronco Briantino,365,365,100.0
2021,Biossido di Azoto,BG,Roncobello,365,365,100.0
2021,Biossido di Azoto,BG,Roncola,365,365,100.0
2021,Biossido di Azoto,BG,Rota D'Imagna,365,365,100.0
2021,Biossido di Azoto,BG,Rovetta,365,365,100.0
2021,Biossido di Azoto,SO,Samolaco,365,365,100.0
2021,Biossido di Azoto,SO,San Giacomo Filippo,365,365,100.0
2021,Biossido di Azoto,BG,San Giovanni Bianco,365,365,100.0
2021,Biossido di Azoto,BG,San Paolo D'Argon,365,365,100.0
2021,Biossido di Azoto,BG,San Pellegrino Terme,365,365,100.0
2021,Biossido di Azoto,BG,Sant'Omobono Terme,365,365,100.0
2021,Biossido di Azoto,BG,Santa Brigida,365,365,100.0
2021,Biossido di Azoto,LC,Santa Maria Hoè,365,365,100.0
2021,Biossido di Azoto,BG,Sarnico,365,365,100.0
2021,Biossido di Azoto,BS,Saviore Dell'Adamello,365,365,100.0
2021,Biossido di Azoto,BG,Scanzorosciate,365,365,100.0
2021,Biossido di Azoto,BG,Schilpario,365,365,100.0
2021,Biossido di Azoto,BG,Sedrina,365,365,100.0
2021,Biossido di Azoto,BS,Sellero,365,365,100.0
2021,Biossido di Azoto,BG,Selvino,365,365,100.0
2021,Biossido di Azoto,MB,Seregno,365,365,100.0
2021,Biossido di Azoto,BG,Seriate,365,365,100.0
2021,Biossido di Azoto,BG,Serina,365,365,100.0
2021,Biossido di Azoto,SO,Sernio,365,365,100.0
2021,Biossido di Azoto,MB,Seveso,365,365,100.0
2021,Biossido di Azoto,LC,Sirone,365,365,100.0
2021,Biossido di Azoto,LC,Sirtori,365,365,100.0
2021,Biossido di Azoto,BG,Solto Collina,365,365,100.0
2021,Biossido di Azoto,BG,Solza,365,365,100.0
2021,Biossido di Azoto,SO,Sondalo,365,365,100.0
2021,Biossido di Azoto,SO,Sondrio,365,365,100.0
2021,Biossido di Azoto,BG,Songavazzo,365,365,100.0
2021,Biossido di Azoto,BS,Sonico,365,365,100.0
2021,Biossido di Azoto,CO,Sorico,365,365,100.0
2021,Biossido di Azoto,BG,Sorisole,365,365,100.0
2021,Biossido di Azoto,BG,Sotto Il Monte Giovanni Xxiii,365,365,100.0
2021,Biossido di Azoto,BG,Sovere,365,365,100.0
2021,Biossido di Azoto,MB,Sovico,365,365,100.0
2021,Biossido di Azoto,BG,Spinone Al Lago,365,365,100.0
2021,Biossido di Azoto,BG,Spirano,365,365,100.0
2021,Biossido di Azoto,SO,Spriana,365,365,100.0
2021,Biossido di Azoto,CO,Stazzona,365,365,100.0
2021,Biossido di Azoto,BG,Stezzano,365,365,100.0
2021,Biossido di Azoto,BG,Strozza,365,365,100.0
2021,Biossido di Azoto,LC,Sueglio,365,365,100.0
2021,Biossido di Azoto,LC,Suello,365,365,100.0
2021,Biossido di Azoto,BG,Suisio,365,365,100.0
2021,Biossido di Azoto,MB,Sulbiate,365,365,100.0
2021,Biossido di Azoto,LC,Taceno,365,365,100.0
2021,Biossido di Azoto,SO,Talamona,365,365,100.0
2021,Biossido di Azoto,BG,Taleggio,365,365,100.0
2021,Biossido di Azoto,SO,Tartano,365,365,100.0
2021,Biossido di Azoto,BG,Tavernola Bergamasca,365,365,100.0
2021,Biossido di Azoto,SO,Teglio,365,365,100.0
2021,Biossido di Azoto,BG,Telgate,365,365,100.0
2021,Biossido di Azoto,BS,Temù,365,365,100.0
2021,Biossido di Azoto,BG,Terno D'Isola,365,365,100.0
2021,Biossido di Azoto,SO,Tirano,365,365,100.0
2021,Biossido di Azoto,BG,Torre Boldone,365,365,100.0
2021,Biossido di Azoto,BG,Torre De' Roveri,365,365,100.0
2021,Biossido di Azoto,SO,Torre Di Santa Maria,365,365,100.0
2021,Biossido di Azoto,BG,Torre Pallavicina,365,365,100.0
2021,Biossido di Azoto,SO,Tovo Di Sant'Agata,365,365,100.0
2021,Biossido di Azoto,SO,Traona,365,365,100.0
2021,Biossido di Azoto,BG,Trescore Balneario,365,365,100.0
2021,Biossido di Azoto,SO,Tresivio,365,365,100.0
2021,Biossido di Azoto,BG,Treviglio,365,365,100.0
2021,Biossido di Azoto,BG,Treviolo,365,365,100.0
2021,Biossido di Azoto,CO,Trezzone,365,365,100.0
2021,Biossido di Azoto,MB,Triuggio,365,365,100.0
2021,Biossido di Azoto,BG,Ubiale Clanezzo,365,365,100.0
2021,Biossido di Azoto,BG,Urgnano,365,365,100.0
2021,Biossido di Azoto,MB,Usmate Velate,365,365,100.0
2021,Biossido di Azoto,BG,Val Brembilla,365,365,100.0
2021,Biossido di Azoto,SO,Val Masino,365,365,100.0
2021,Biossido di Azoto,BG,Valbondione,365,365,100.0
2021,Biossido di Azoto,BG,Valbrembo,365,365,100.0
2021,Biossido di Azoto,SO,Valdidentro,365,365,100.0
2021,Biossido di Azoto,SO,Valdisotto,365,365,100.0
2021,Biossido di Azoto,SO,Valfurva,365,365,100.0
2021,Biossido di Azoto,BG,Valgoglio,365,365,100.0
2021,Biossido di Azoto,LC,Valgreghentino,365,365,100.0
2021,Biossido di Azoto,BG,Valleve,365,365,100.0
2021,Biossido di Azoto,LC,Valmadrera,365,365,100.0
2021,Biossido di Azoto,BG,Valnegra,365,365,100.0
2021,Biossido di Azoto,BG,Valtorta,365,365,100.0
2021,Biossido di Azoto,MB,Varedo,365,365,100.0
2021,Biossido di Azoto,LC,Varenna,365,365,100.0
2021,Biossido di Azoto,MB,Vedano Al Lambro,365,365,100.0
2021,Biossido di Azoto,BG,Vedeseta,365,365,100.0
2021,Biossido di Azoto,MB,Veduggio Con Colzano,365,365,100.0
2021,Biossido di Azoto,MB,Verano Brianza,365,365,100.0
2021,Biossido di Azoto,CO,Vercana,365,365,100.0
2021,Biossido di Azoto,SO,Verceia,365,365,100.0
2021,Biossido di Azoto,LC,Vercurago,365,365,100.0
2021,Biossido di Azoto,BG,Verdellino,365,365,100.0
2021,Biossido di Azoto,BG,Verdello,365,365,100.0
2021,Biossido di Azoto,LC,Verderio,365,365,100.0
2021,Biossido di Azoto,BG,Vertova,365,365,100.0
2021,Biossido di Azoto,SO,Vervio,365,365,100.0
2021,Biossido di Azoto,BS,Vezza D'Oglio,365,365,100.0
2021,Biossido di Azoto,BG,Viadanica,365,365,100.0
2021,Biossido di Azoto,BG,Vigano San Martino,365,365,100.0
2021,Biossido di Azoto,LC,Viganò,365,365,100.0
2021,Biossido di Azoto,BG,Vigolo,365,365,100.0
2021,Biossido di Azoto,BG,Villa D'Adda,365,365,100.0
2021,Biossido di Azoto,BG,Villa D'Almè,365,365,100.0
2021,Biossido di Azoto,BG,Villa D'Ogna,365,365,100.0
2021,Biossido di Azoto,SO,Villa Di Chiavenna,365,365,100.0
2021,Biossido di Azoto,BG,Villa Di Serio,365,365,100.0
2021,Biossido di Azoto,SO,Villa Di Tirano,365,365,100.0
2021,Biossido di Azoto,MB,Villasanta,365,365,100.0
2021,Biossido di Azoto,BG,Villongo,365,365,100.0
2021,Biossido di Azoto,BG,Vilminore Di Scalve,365,365,100.0
2021,Biossido di Azoto,MB,Vimercate,365,365,100.0
2021,Biossido di Azoto,BS,Vione,365,365,100.0
2021,Biossido di Azoto,BG,Zandobbio,365,365,100.0
2021,Biossido di Azoto,BG,Zanica,365,365,100.0
2021,Biossido di Azoto,BG,Zogno,365,365,100.0
